Not searching for unused variables given on the command line.
-- The C compiler identification is GNU 14.2.0
-- The CXX compiler identification is GNU 14.2.0
-- Detecting C compiler ABI info
-- Detecting C compiler ABI info - done
-- Check for working C compiler: /root/.espressif/tools/xtensa-esp-elf/esp-14.2.0_20251107/xtensa-esp-elf/bin/xtensa-esp32s3-elf-gcc - skipped
-- Detecting C compile features
-- Detecting C compile features - done
-- Detecting CXX compiler ABI info
-- Detecting CXX compiler ABI info - done
-- Check for working CXX compiler: /root/.espressif/tools/xtensa-esp-elf/esp-14.2.0_20251107/xtensa-esp-elf/bin/xtensa-esp32s3-elf-g++ - skipped
-- Detecting CXX compile features
-- Detecting CXX compile features - done
-- Found ament_cmake: 1.3.14 (/root/maturo_project/leap_low_v1/managed_components/micro_ros_espidf_component/micro_ros_dev/install/ament_cmake/share/ament_cmake/cmake)
-- Found Python3: /root/.espressif/python_env/idf5.5_py3.13_env/bin/python3 (found version "3.13.5") found components: Interpreter
-- Found rosidl_default_generators: 1.2.1 (/root/maturo_project/leap_low_v1/managed_components/micro_ros_espidf_component/micro_ros_src/install/share/rosidl_default_generators/cmake)
-- Using all available rosidl_typesupport_c: rosidl_typesupport_introspection_c;rosidl_typesupport_microxrcedds_c
-- Found rosidl_adapter: 3.1.9 (/root/maturo_project/leap_low_v1/managed_components/micro_ros_espidf_component/micro_ros_src/install/share/rosidl_adapter/cmake)
-- Found ament_cmake_ros: 0.10.0 (/root/maturo_project/leap_low_v1/managed_components/micro_ros_espidf_component/micro_ros_dev/install/ament_cmake_ros/share/ament_cmake_ros/cmake)
-- Using all available rosidl_typesupport_c: rosidl_typesupport_introspection_c;rosidl_typesupport_microxrcedds_c
-- Configuring done (5.2s)
-- Generating done (0.1s)
-- Build files have been written to: /root/maturo_project/leap_low_v1/managed_components/micro_ros_espidf_component/micro_ros_src/build/example_interfaces
gmake[1]: Entering directory '/root/maturo_project/leap_low_v1/managed_components/micro_ros_espidf_component/micro_ros_src/build/example_interfaces'
[  0%] Generating C code for ROS interfaces
[  1%] Building C object CMakeFiles/example_interfaces__rosidl_generator_c.dir/rosidl_generator_c/example_interfaces/action/detail/fibonacci__functions.c.obj
[  2%] Building C object CMakeFiles/example_interfaces__rosidl_generator_c.dir/rosidl_generator_c/example_interfaces/msg/detail/char__functions.c.obj
[  3%] Building C object CMakeFiles/example_interfaces__rosidl_generator_c.dir/rosidl_generator_c/example_interfaces/msg/detail/byte_multi_array__functions.c.obj
[  4%] Building C object CMakeFiles/example_interfaces__rosidl_generator_c.dir/rosidl_generator_c/example_interfaces/msg/detail/empty__functions.c.obj
[  4%] Building C object CMakeFiles/example_interfaces__rosidl_generator_c.dir/rosidl_generator_c/example_interfaces/msg/detail/byte__functions.c.obj
[  5%] Building C object CMakeFiles/example_interfaces__rosidl_generator_c.dir/rosidl_generator_c/example_interfaces/msg/detail/bool__functions.c.obj
[  6%] Building C object CMakeFiles/example_interfaces__rosidl_generator_c.dir/rosidl_generator_c/example_interfaces/msg/detail/float64__functions.c.obj
[  6%] Building C object CMakeFiles/example_interfaces__rosidl_generator_c.dir/rosidl_generator_c/example_interfaces/msg/detail/float32__functions.c.obj
[  7%] Building C object CMakeFiles/example_interfaces__rosidl_generator_c.dir/rosidl_generator_c/example_interfaces/msg/detail/int16__functions.c.obj
[  7%] Building C object CMakeFiles/example_interfaces__rosidl_generator_c.dir/rosidl_generator_c/example_interfaces/msg/detail/float64_multi_array__functions.c.obj
[  9%] Building C object CMakeFiles/example_interfaces__rosidl_generator_c.dir/rosidl_generator_c/example_interfaces/msg/detail/float32_multi_array__functions.c.obj
[  8%] Building C object CMakeFiles/example_interfaces__rosidl_generator_c.dir/rosidl_generator_c/example_interfaces/msg/detail/int32__functions.c.obj
[ 10%] Building C object CMakeFiles/example_interfaces__rosidl_generator_c.dir/rosidl_generator_c/example_interfaces/msg/detail/int16_multi_array__functions.c.obj
[ 10%] Building C object CMakeFiles/example_interfaces__rosidl_generator_c.dir/rosidl_generator_c/example_interfaces/msg/detail/int32_multi_array__functions.c.obj
[ 11%] Building C object CMakeFiles/example_interfaces__rosidl_generator_c.dir/rosidl_generator_c/example_interfaces/msg/detail/int64__functions.c.obj
[ 12%] Building C object CMakeFiles/example_interfaces__rosidl_generator_c.dir/rosidl_generator_c/example_interfaces/msg/detail/u_int16_multi_array__functions.c.obj
[ 13%] Building C object CMakeFiles/example_interfaces__rosidl_generator_c.dir/rosidl_generator_c/example_interfaces/msg/detail/multi_array_dimension__functions.c.obj
[ 14%] Building C object CMakeFiles/example_interfaces__rosidl_generator_c.dir/rosidl_generator_c/example_interfaces/msg/detail/multi_array_layout__functions.c.obj
[ 16%] Building C object CMakeFiles/example_interfaces__rosidl_generator_c.dir/rosidl_generator_c/example_interfaces/msg/detail/int64_multi_array__functions.c.obj
[ 17%] Building C object CMakeFiles/example_interfaces__rosidl_generator_c.dir/rosidl_generator_c/example_interfaces/msg/detail/int8_multi_array__functions.c.obj
[ 18%] Building C object CMakeFiles/example_interfaces__rosidl_generator_c.dir/rosidl_generator_c/example_interfaces/srv/detail/set_bool__functions.c.obj
[ 18%] Building C object CMakeFiles/example_interfaces__rosidl_generator_c.dir/rosidl_generator_c/example_interfaces/msg/detail/u_int16__functions.c.obj
[ 18%] Building C object CMakeFiles/example_interfaces__rosidl_generator_c.dir/rosidl_generator_c/example_interfaces/msg/detail/string__functions.c.obj
[ 18%] Building C object CMakeFiles/example_interfaces__rosidl_generator_c.dir/rosidl_generator_c/example_interfaces/msg/detail/int8__functions.c.obj
[ 19%] Building C object CMakeFiles/example_interfaces__rosidl_generator_c.dir/rosidl_generator_c/example_interfaces/msg/detail/u_int64_multi_array__functions.c.obj
[ 20%] Building C object CMakeFiles/example_interfaces__rosidl_generator_c.dir/rosidl_generator_c/example_interfaces/msg/detail/u_int32_multi_array__functions.c.obj
[ 20%] Building C object CMakeFiles/example_interfaces__rosidl_generator_c.dir/rosidl_generator_c/example_interfaces/msg/detail/u_int8__functions.c.obj
[ 20%] Building C object CMakeFiles/example_interfaces__rosidl_generator_c.dir/rosidl_generator_c/example_interfaces/msg/detail/u_int32__functions.c.obj
[ 20%] Building C object CMakeFiles/example_interfaces__rosidl_generator_c.dir/rosidl_generator_c/example_interfaces/srv/detail/add_two_ints__functions.c.obj
[ 21%] Building C object CMakeFiles/example_interfaces__rosidl_generator_c.dir/rosidl_generator_c/example_interfaces/msg/detail/w_string__functions.c.obj
[ 22%] Building C object CMakeFiles/example_interfaces__rosidl_generator_c.dir/rosidl_generator_c/example_interfaces/msg/detail/u_int8_multi_array__functions.c.obj
[ 23%] Building C object CMakeFiles/example_interfaces__rosidl_generator_c.dir/rosidl_generator_c/example_interfaces/msg/detail/u_int64__functions.c.obj
[ 24%] Building C object CMakeFiles/example_interfaces__rosidl_generator_c.dir/rosidl_generator_c/example_interfaces/srv/detail/trigger__functions.c.obj
[ 25%] Linking C static library libexample_interfaces__rosidl_generator_c.a
[ 25%] Built target example_interfaces__rosidl_generator_c
[ 25%] Generating C type support for eProsima Micro XRCE-DDS
[ 25%] Generating C type support dispatch for ROS interfaces
[ 25%] Generating C introspection for ROS interfaces
[ 25%] Building CXX object CMakeFiles/example_interfaces__rosidl_typesupport_c.dir/rosidl_typesupport_c/example_interfaces/msg/byte__type_support.cpp.obj
[ 26%] Building CXX object CMakeFiles/example_interfaces__rosidl_typesupport_c.dir/rosidl_typesupport_c/example_interfaces/action/fibonacci__type_support.cpp.obj
[ 28%] Building CXX object CMakeFiles/example_interfaces__rosidl_typesupport_c.dir/rosidl_typesupport_c/example_interfaces/msg/float64__type_support.cpp.obj
[ 28%] Building CXX object CMakeFiles/example_interfaces__rosidl_typesupport_c.dir/rosidl_typesupport_c/example_interfaces/msg/char__type_support.cpp.obj
[ 29%] Building CXX object CMakeFiles/example_interfaces__rosidl_typesupport_c.dir/rosidl_typesupport_c/example_interfaces/msg/float32_multi_array__type_support.cpp.obj
[ 30%] Building CXX object CMakeFiles/example_interfaces__rosidl_typesupport_c.dir/rosidl_typesupport_c/example_interfaces/msg/byte_multi_array__type_support.cpp.obj
[ 31%] Building CXX object CMakeFiles/example_interfaces__rosidl_typesupport_c.dir/rosidl_typesupport_c/example_interfaces/msg/bool__type_support.cpp.obj
[ 31%] Building CXX object CMakeFiles/example_interfaces__rosidl_typesupport_c.dir/rosidl_typesupport_c/example_interfaces/msg/float32__type_support.cpp.obj
[ 32%] Building CXX object CMakeFiles/example_interfaces__rosidl_typesupport_c.dir/rosidl_typesupport_c/example_interfaces/msg/empty__type_support.cpp.obj
[ 33%] Building CXX object CMakeFiles/example_interfaces__rosidl_typesupport_c.dir/rosidl_typesupport_c/example_interfaces/msg/int16_multi_array__type_support.cpp.obj
[ 34%] Building CXX object CMakeFiles/example_interfaces__rosidl_typesupport_c.dir/rosidl_typesupport_c/example_interfaces/msg/int64__type_support.cpp.obj
[ 35%] Building CXX object CMakeFiles/example_interfaces__rosidl_typesupport_c.dir/rosidl_typesupport_c/example_interfaces/msg/int8_multi_array__type_support.cpp.obj
[ 35%] Building CXX object CMakeFiles/example_interfaces__rosidl_typesupport_c.dir/rosidl_typesupport_c/example_interfaces/msg/float64_multi_array__type_support.cpp.obj
[ 36%] Building CXX object CMakeFiles/example_interfaces__rosidl_typesupport_c.dir/rosidl_typesupport_c/example_interfaces/msg/multi_array_dimension__type_support.cpp.obj
[ 37%] Building CXX object CMakeFiles/example_interfaces__rosidl_typesupport_c.dir/rosidl_typesupport_c/example_interfaces/msg/int16__type_support.cpp.obj
[ 38%] Building CXX object CMakeFiles/example_interfaces__rosidl_typesupport_c.dir/rosidl_typesupport_c/example_interfaces/msg/int32__type_support.cpp.obj
[ 38%] Building CXX object CMakeFiles/example_interfaces__rosidl_typesupport_c.dir/rosidl_typesupport_c/example_interfaces/msg/int8__type_support.cpp.obj
[ 39%] Building CXX object CMakeFiles/example_interfaces__rosidl_typesupport_c.dir/rosidl_typesupport_c/example_interfaces/msg/multi_array_layout__type_support.cpp.obj
[ 39%] Building CXX object CMakeFiles/example_interfaces__rosidl_typesupport_c.dir/rosidl_typesupport_c/example_interfaces/msg/string__type_support.cpp.obj
[ 39%] Building CXX object CMakeFiles/example_interfaces__rosidl_typesupport_c.dir/rosidl_typesupport_c/example_interfaces/msg/int32_multi_array__type_support.cpp.obj
[ 40%] Building CXX object CMakeFiles/example_interfaces__rosidl_typesupport_c.dir/rosidl_typesupport_c/example_interfaces/msg/int64_multi_array__type_support.cpp.obj
[ 41%] Building CXX object CMakeFiles/example_interfaces__rosidl_typesupport_c.dir/rosidl_typesupport_c/example_interfaces/msg/u_int16_multi_array__type_support.cpp.obj
[ 42%] Building CXX object CMakeFiles/example_interfaces__rosidl_typesupport_c.dir/rosidl_typesupport_c/example_interfaces/msg/u_int16__type_support.cpp.obj
[ 42%] Building CXX object CMakeFiles/example_interfaces__rosidl_typesupport_c.dir/rosidl_typesupport_c/example_interfaces/msg/u_int32__type_support.cpp.obj
[ 43%] Building CXX object CMakeFiles/example_interfaces__rosidl_typesupport_c.dir/rosidl_typesupport_c/example_interfaces/msg/u_int64_multi_array__type_support.cpp.obj
[ 45%] Building CXX object CMakeFiles/example_interfaces__rosidl_typesupport_c.dir/rosidl_typesupport_c/example_interfaces/srv/add_two_ints__type_support.cpp.obj
[ 44%] Building CXX object CMakeFiles/example_interfaces__rosidl_typesupport_c.dir/rosidl_typesupport_c/example_interfaces/msg/u_int32_multi_array__type_support.cpp.obj
[ 46%] Building CXX object CMakeFiles/example_interfaces__rosidl_typesupport_c.dir/rosidl_typesupport_c/example_interfaces/msg/w_string__type_support.cpp.obj
[ 47%] Building CXX object CMakeFiles/example_interfaces__rosidl_typesupport_c.dir/rosidl_typesupport_c/example_interfaces/msg/u_int8_multi_array__type_support.cpp.obj
[ 45%] Building CXX object CMakeFiles/example_interfaces__rosidl_typesupport_c.dir/rosidl_typesupport_c/example_interfaces/msg/u_int64__type_support.cpp.obj
[ 45%] Building CXX object CMakeFiles/example_interfaces__rosidl_typesupport_c.dir/rosidl_typesupport_c/example_interfaces/msg/u_int8__type_support.cpp.obj
[ 48%] Building CXX object CMakeFiles/example_interfaces__rosidl_typesupport_c.dir/rosidl_typesupport_c/example_interfaces/srv/set_bool__type_support.cpp.obj
[ 49%] Building CXX object CMakeFiles/example_interfaces__rosidl_typesupport_c.dir/rosidl_typesupport_c/example_interfaces/srv/trigger__type_support.cpp.obj
[ 50%] Linking CXX static library libexample_interfaces__rosidl_typesupport_c.a
[ 50%] Built target example_interfaces__rosidl_typesupport_c
[ 51%] Building C object CMakeFiles/example_interfaces__rosidl_typesupport_introspection_c.dir/rosidl_typesupport_introspection_c/example_interfaces/action/detail/fibonacci__type_support.c.obj
[ 51%] Building C object CMakeFiles/example_interfaces__rosidl_typesupport_introspection_c.dir/rosidl_typesupport_introspection_c/example_interfaces/msg/detail/int32_multi_array__type_support.c.obj
[ 52%] Building C object CMakeFiles/example_interfaces__rosidl_typesupport_introspection_c.dir/rosidl_typesupport_introspection_c/example_interfaces/msg/detail/char__type_support.c.obj
[ 52%] Building C object CMakeFiles/example_interfaces__rosidl_typesupport_introspection_c.dir/rosidl_typesupport_introspection_c/example_interfaces/msg/detail/float32__type_support.c.obj
[ 53%] Building C object CMakeFiles/example_interfaces__rosidl_typesupport_introspection_c.dir/rosidl_typesupport_introspection_c/example_interfaces/msg/detail/multi_array_dimension__type_support.c.obj
[ 54%] Building C object CMakeFiles/example_interfaces__rosidl_typesupport_introspection_c.dir/rosidl_typesupport_introspection_c/example_interfaces/msg/detail/int16_multi_array__type_support.c.obj
[ 54%] Building C object CMakeFiles/example_interfaces__rosidl_typesupport_introspection_c.dir/rosidl_typesupport_introspection_c/example_interfaces/msg/detail/int8__type_support.c.obj
[ 55%] Building C object CMakeFiles/example_interfaces__rosidl_typesupport_introspection_c.dir/rosidl_typesupport_introspection_c/example_interfaces/msg/detail/byte__type_support.c.obj
[ 55%] Building C object CMakeFiles/example_interfaces__rosidl_typesupport_introspection_c.dir/rosidl_typesupport_introspection_c/example_interfaces/msg/detail/float64_multi_array__type_support.c.obj
[ 56%] Building C object CMakeFiles/example_interfaces__rosidl_typesupport_introspection_c.dir/rosidl_typesupport_introspection_c/example_interfaces/msg/detail/int16__type_support.c.obj
[ 57%] Building C object CMakeFiles/example_interfaces__rosidl_typesupport_introspection_c.dir/rosidl_typesupport_introspection_c/example_interfaces/msg/detail/int64__type_support.c.obj
[ 58%] Building C object CMakeFiles/example_interfaces__rosidl_typesupport_introspection_c.dir/rosidl_typesupport_introspection_c/example_interfaces/msg/detail/empty__type_support.c.obj
[ 58%] Building C object CMakeFiles/example_interfaces__rosidl_typesupport_introspection_c.dir/rosidl_typesupport_introspection_c/example_interfaces/msg/detail/string__type_support.c.obj
[ 59%] Building C object CMakeFiles/example_interfaces__rosidl_typesupport_introspection_c.dir/rosidl_typesupport_introspection_c/example_interfaces/msg/detail/bool__type_support.c.obj
[ 60%] Building C object CMakeFiles/example_interfaces__rosidl_typesupport_introspection_c.dir/rosidl_typesupport_introspection_c/example_interfaces/msg/detail/u_int32__type_support.c.obj
[ 58%] Building C object CMakeFiles/example_interfaces__rosidl_typesupport_introspection_c.dir/rosidl_typesupport_introspection_c/example_interfaces/msg/detail/u_int8__type_support.c.obj
[ 61%] Building C object CMakeFiles/example_interfaces__rosidl_typesupport_introspection_c.dir/rosidl_typesupport_introspection_c/example_interfaces/msg/detail/int64_multi_array__type_support.c.obj
[ 62%] Building C object CMakeFiles/example_interfaces__rosidl_typesupport_introspection_c.dir/rosidl_typesupport_introspection_c/example_interfaces/msg/detail/float32_multi_array__type_support.c.obj
[ 63%] Building C object CMakeFiles/example_interfaces__rosidl_typesupport_introspection_c.dir/rosidl_typesupport_introspection_c/example_interfaces/msg/detail/u_int32_multi_array__type_support.c.obj
[ 64%] Building C object CMakeFiles/example_interfaces__rosidl_typesupport_introspection_c.dir/rosidl_typesupport_introspection_c/example_interfaces/msg/detail/byte_multi_array__type_support.c.obj
[ 65%] Building C object CMakeFiles/example_interfaces__rosidl_typesupport_introspection_c.dir/rosidl_typesupport_introspection_c/example_interfaces/msg/detail/w_string__type_support.c.obj
[ 66%] Building C object CMakeFiles/example_interfaces__rosidl_typesupport_introspection_c.dir/rosidl_typesupport_introspection_c/example_interfaces/msg/detail/u_int16__type_support.c.obj
[ 67%] Building C object CMakeFiles/example_interfaces__rosidl_typesupport_introspection_c.dir/rosidl_typesupport_introspection_c/example_interfaces/msg/detail/u_int16_multi_array__type_support.c.obj
[ 68%] Building C object CMakeFiles/example_interfaces__rosidl_typesupport_introspection_c.dir/rosidl_typesupport_introspection_c/example_interfaces/msg/detail/u_int8_multi_array__type_support.c.obj
[ 69%] Building C object CMakeFiles/example_interfaces__rosidl_typesupport_introspection_c.dir/rosidl_typesupport_introspection_c/example_interfaces/msg/detail/u_int64__type_support.c.obj
[ 69%] Building C object CMakeFiles/example_interfaces__rosidl_typesupport_introspection_c.dir/rosidl_typesupport_introspection_c/example_interfaces/srv/detail/add_two_ints__type_support.c.obj
[ 70%] Building C object CMakeFiles/example_interfaces__rosidl_typesupport_introspection_c.dir/rosidl_typesupport_introspection_c/example_interfaces/msg/detail/float64__type_support.c.obj
[ 60%] Building C object CMakeFiles/example_interfaces__rosidl_typesupport_introspection_c.dir/rosidl_typesupport_introspection_c/example_interfaces/msg/detail/int32__type_support.c.obj
[ 71%] Building C object CMakeFiles/example_interfaces__rosidl_typesupport_introspection_c.dir/rosidl_typesupport_introspection_c/example_interfaces/msg/detail/multi_array_layout__type_support.c.obj
[ 72%] Building C object CMakeFiles/example_interfaces__rosidl_typesupport_introspection_c.dir/rosidl_typesupport_introspection_c/example_interfaces/msg/detail/u_int64_multi_array__type_support.c.obj
[ 72%] Building C object CMakeFiles/example_interfaces__rosidl_typesupport_introspection_c.dir/rosidl_typesupport_introspection_c/example_interfaces/msg/detail/int8_multi_array__type_support.c.obj
[ 73%] Building C object CMakeFiles/example_interfaces__rosidl_typesupport_introspection_c.dir/rosidl_typesupport_introspection_c/example_interfaces/srv/detail/set_bool__type_support.c.obj
[ 74%] Building C object CMakeFiles/example_interfaces__rosidl_typesupport_introspection_c.dir/rosidl_typesupport_introspection_c/example_interfaces/srv/detail/trigger__type_support.c.obj
[ 75%] Linking C static library libexample_interfaces__rosidl_typesupport_introspection_c.a
[ 76%] Building C object CMakeFiles/example_interfaces__rosidl_typesupport_microxrcedds_c.dir/rosidl_typesupport_microxrcedds_c/example_interfaces/action/detail/microxrcedds/fibonacci__type_support_c.c.obj
[ 77%] Building C object CMakeFiles/example_interfaces__rosidl_typesupport_microxrcedds_c.dir/rosidl_typesupport_microxrcedds_c/example_interfaces/msg/detail/microxrcedds/int16__type_support_c.c.obj
[ 77%] Building C object CMakeFiles/example_interfaces__rosidl_typesupport_microxrcedds_c.dir/rosidl_typesupport_microxrcedds_c/example_interfaces/msg/detail/microxrcedds/float64_multi_array__type_support_c.c.obj
[ 79%] Building C object CMakeFiles/example_interfaces__rosidl_typesupport_microxrcedds_c.dir/rosidl_typesupport_microxrcedds_c/example_interfaces/msg/detail/microxrcedds/char__type_support_c.c.obj
[ 79%] Building C object CMakeFiles/example_interfaces__rosidl_typesupport_microxrcedds_c.dir/rosidl_typesupport_microxrcedds_c/example_interfaces/msg/detail/microxrcedds/int64_multi_array__type_support_c.c.obj
[ 79%] Building C object CMakeFiles/example_interfaces__rosidl_typesupport_microxrcedds_c.dir/rosidl_typesupport_microxrcedds_c/example_interfaces/msg/detail/microxrcedds/int32_multi_array__type_support_c.c.obj
[ 80%] Building C object CMakeFiles/example_interfaces__rosidl_typesupport_microxrcedds_c.dir/rosidl_typesupport_microxrcedds_c/example_interfaces/msg/detail/microxrcedds/float64__type_support_c.c.obj
[ 81%] Building C object CMakeFiles/example_interfaces__rosidl_typesupport_microxrcedds_c.dir/rosidl_typesupport_microxrcedds_c/example_interfaces/msg/detail/microxrcedds/float32_multi_array__type_support_c.c.obj
[ 82%] Building C object CMakeFiles/example_interfaces__rosidl_typesupport_microxrcedds_c.dir/rosidl_typesupport_microxrcedds_c/example_interfaces/msg/detail/microxrcedds/int32__type_support_c.c.obj
[ 83%] Building C object CMakeFiles/example_interfaces__rosidl_typesupport_microxrcedds_c.dir/rosidl_typesupport_microxrcedds_c/example_interfaces/msg/detail/microxrcedds/multi_array_dimension__type_support_c.c.obj
[ 84%] Building C object CMakeFiles/example_interfaces__rosidl_typesupport_microxrcedds_c.dir/rosidl_typesupport_microxrcedds_c/example_interfaces/msg/detail/microxrcedds/multi_array_layout__type_support_c.c.obj
[ 85%] Building C object CMakeFiles/example_interfaces__rosidl_typesupport_microxrcedds_c.dir/rosidl_typesupport_microxrcedds_c/example_interfaces/msg/detail/microxrcedds/empty__type_support_c.c.obj
[ 86%] Building C object CMakeFiles/example_interfaces__rosidl_typesupport_microxrcedds_c.dir/rosidl_typesupport_microxrcedds_c/example_interfaces/msg/detail/microxrcedds/int64__type_support_c.c.obj
[ 87%] Building C object CMakeFiles/example_interfaces__rosidl_typesupport_microxrcedds_c.dir/rosidl_typesupport_microxrcedds_c/example_interfaces/msg/detail/microxrcedds/bool__type_support_c.c.obj
[ 88%] Building C object CMakeFiles/example_interfaces__rosidl_typesupport_microxrcedds_c.dir/rosidl_typesupport_microxrcedds_c/example_interfaces/msg/detail/microxrcedds/int16_multi_array__type_support_c.c.obj
[ 89%] Building C object CMakeFiles/example_interfaces__rosidl_typesupport_microxrcedds_c.dir/rosidl_typesupport_microxrcedds_c/example_interfaces/msg/detail/microxrcedds/byte_multi_array__type_support_c.c.obj
[ 86%] Building C object CMakeFiles/example_interfaces__rosidl_typesupport_microxrcedds_c.dir/rosidl_typesupport_microxrcedds_c/example_interfaces/msg/detail/microxrcedds/int8__type_support_c.c.obj
[ 90%] Building C object CMakeFiles/example_interfaces__rosidl_typesupport_microxrcedds_c.dir/rosidl_typesupport_microxrcedds_c/example_interfaces/msg/detail/microxrcedds/string__type_support_c.c.obj
[ 91%] Building C object CMakeFiles/example_interfaces__rosidl_typesupport_microxrcedds_c.dir/rosidl_typesupport_microxrcedds_c/example_interfaces/msg/detail/microxrcedds/u_int16__type_support_c.c.obj
[ 90%] Building C object CMakeFiles/example_interfaces__rosidl_typesupport_microxrcedds_c.dir/rosidl_typesupport_microxrcedds_c/example_interfaces/msg/detail/microxrcedds/byte__type_support_c.c.obj
[ 91%] Building C object CMakeFiles/example_interfaces__rosidl_typesupport_microxrcedds_c.dir/rosidl_typesupport_microxrcedds_c/example_interfaces/msg/detail/microxrcedds/int8_multi_array__type_support_c.c.obj
[ 90%] Building C object CMakeFiles/example_interfaces__rosidl_typesupport_microxrcedds_c.dir/rosidl_typesupport_microxrcedds_c/example_interfaces/msg/detail/microxrcedds/float32__type_support_c.c.obj
[ 92%] Building C object CMakeFiles/example_interfaces__rosidl_typesupport_microxrcedds_c.dir/rosidl_typesupport_microxrcedds_c/example_interfaces/srv/detail/microxrcedds/trigger__type_support_c.c.obj
[ 93%] Building C object CMakeFiles/example_interfaces__rosidl_typesupport_microxrcedds_c.dir/rosidl_typesupport_microxrcedds_c/example_interfaces/msg/detail/microxrcedds/u_int64__type_support_c.c.obj
[ 94%] Building C object CMakeFiles/example_interfaces__rosidl_typesupport_microxrcedds_c.dir/rosidl_typesupport_microxrcedds_c/example_interfaces/msg/detail/microxrcedds/u_int8_multi_array__type_support_c.c.obj
[ 94%] Building C object CMakeFiles/example_interfaces__rosidl_typesupport_microxrcedds_c.dir/rosidl_typesupport_microxrcedds_c/example_interfaces/msg/detail/microxrcedds/u_int8__type_support_c.c.obj
[ 95%] Building C object CMakeFiles/example_interfaces__rosidl_typesupport_microxrcedds_c.dir/rosidl_typesupport_microxrcedds_c/example_interfaces/msg/detail/microxrcedds/u_int64_multi_array__type_support_c.c.obj
[ 96%] Building C object CMakeFiles/example_interfaces__rosidl_typesupport_microxrcedds_c.dir/rosidl_typesupport_microxrcedds_c/example_interfaces/srv/detail/microxrcedds/set_bool__type_support_c.c.obj
[ 97%] Building C object CMakeFiles/example_interfaces__rosidl_typesupport_microxrcedds_c.dir/rosidl_typesupport_microxrcedds_c/example_interfaces/msg/detail/microxrcedds/u_int32_multi_array__type_support_c.c.obj
[ 98%] Building C object CMakeFiles/example_interfaces__rosidl_typesupport_microxrcedds_c.dir/rosidl_typesupport_microxrcedds_c/example_interfaces/msg/detail/microxrcedds/w_string__type_support_c.c.obj
[ 99%] Building C object CMakeFiles/example_interfaces__rosidl_typesupport_microxrcedds_c.dir/rosidl_typesupport_microxrcedds_c/example_interfaces/msg/detail/microxrcedds/u_int16_multi_array__type_support_c.c.obj
[ 99%] Building C object CMakeFiles/example_interfaces__rosidl_typesupport_microxrcedds_c.dir/rosidl_typesupport_microxrcedds_c/example_interfaces/srv/detail/microxrcedds/add_two_ints__type_support_c.c.obj
[ 99%] Building C object CMakeFiles/example_interfaces__rosidl_typesupport_microxrcedds_c.dir/rosidl_typesupport_microxrcedds_c/example_interfaces/msg/detail/microxrcedds/u_int32__type_support_c.c.obj
[100%] Linking CXX static library libexample_interfaces__rosidl_typesupport_microxrcedds_c.a
[100%] Built target example_interfaces__rosidl_typesupport_introspection_c
[100%] Built target example_interfaces__rosidl_typesupport_microxrcedds_c
[100%] Built target example_interfaces
gmake[1]: Leaving directory '/root/maturo_project/leap_low_v1/managed_components/micro_ros_espidf_component/micro_ros_src/build/example_interfaces'
-- Install configuration: "Release"
-- Installing: /root/maturo_project/leap_low_v1/managed_components/micro_ros_espidf_component/micro_ros_src/install/share/ament_index/resource_index/rosidl_interfaces/example_interfaces
-- Installing: /root/maturo_project/leap_low_v1/managed_components/micro_ros_espidf_component/micro_ros_src/install/include/example_interfaces/example_interfaces
-- Installing: /root/maturo_project/leap_low_v1/managed_components/micro_ros_espidf_component/micro_ros_src/install/include/example_interfaces/example_interfaces/srv
-- Installing: /root/maturo_project/leap_low_v1/managed_components/micro_ros_espidf_component/micro_ros_src/install/include/example_interfaces/example_interfaces/srv/detail
-- Installing: /root/maturo_project/leap_low_v1/managed_components/micro_ros_espidf_component/micro_ros_src/install/include/example_interfaces/example_interfaces/srv/detail/trigger__functions.h
-- Installing: /root/maturo_project/leap_low_v1/managed_components/micro_ros_espidf_component/micro_ros_src/install/include/example_interfaces/example_interfaces/srv/detail/set_bool__struct.h
-- Installing: /root/maturo_project/leap_low_v1/managed_components/micro_ros_espidf_component/micro_ros_src/install/include/example_interfaces/example_interfaces/srv/detail/add_two_ints__type_support.h
-- Installing: /root/maturo_project/leap_low_v1/managed_components/micro_ros_espidf_component/micro_ros_src/install/include/example_interfaces/example_interfaces/srv/detail/set_bool__functions.h
-- Installing: /root/maturo_project/leap_low_v1/managed_components/micro_ros_espidf_component/micro_ros_src/install/include/example_interfaces/example_interfaces/srv/detail/trigger__functions.c
-- Installing: /root/maturo_project/leap_low_v1/managed_components/micro_ros_espidf_component/micro_ros_src/install/include/example_interfaces/example_interfaces/srv/detail/trigger__struct.h
-- Installing: /root/maturo_project/leap_low_v1/managed_components/micro_ros_espidf_component/micro_ros_src/install/include/example_interfaces/example_interfaces/srv/detail/add_two_ints__functions.h
-- Installing: /root/maturo_project/leap_low_v1/managed_components/micro_ros_espidf_component/micro_ros_src/install/include/example_interfaces/example_interfaces/srv/detail/add_two_ints__struct.h
-- Installing: /root/maturo_project/leap_low_v1/managed_components/micro_ros_espidf_component/micro_ros_src/install/include/example_interfaces/example_interfaces/srv/detail/set_bool__type_support.h
-- Installing: /root/maturo_project/leap_low_v1/managed_components/micro_ros_espidf_component/micro_ros_src/install/include/example_interfaces/example_interfaces/srv/detail/trigger__type_support.h
-- Installing: /root/maturo_project/leap_low_v1/managed_components/micro_ros_espidf_component/micro_ros_src/install/include/example_interfaces/example_interfaces/srv/detail/add_two_ints__functions.c
-- Installing: /root/maturo_project/leap_low_v1/managed_components/micro_ros_espidf_component/micro_ros_src/install/include/example_interfaces/example_interfaces/srv/detail/set_bool__functions.c
-- Installing: /root/maturo_project/leap_low_v1/managed_components/micro_ros_espidf_component/micro_ros_src/install/include/example_interfaces/example_interfaces/srv/set_bool.h
-- Installing: /root/maturo_project/leap_low_v1/managed_components/micro_ros_espidf_component/micro_ros_src/install/include/example_interfaces/example_interfaces/srv/add_two_ints.h
-- Installing: /root/maturo_project/leap_low_v1/managed_components/micro_ros_espidf_component/micro_ros_src/install/include/example_interfaces/example_interfaces/srv/trigger.h
-- Installing: /root/maturo_project/leap_low_v1/managed_components/micro_ros_espidf_component/micro_ros_src/install/include/example_interfaces/example_interfaces/action
-- Installing: /root/maturo_project/leap_low_v1/managed_components/micro_ros_espidf_component/micro_ros_src/install/include/example_interfaces/example_interfaces/action/fibonacci.h
-- Installing: /root/maturo_project/leap_low_v1/managed_components/micro_ros_espidf_component/micro_ros_src/install/include/example_interfaces/example_interfaces/action/detail
-- Installing: /root/maturo_project/leap_low_v1/managed_components/micro_ros_espidf_component/micro_ros_src/install/include/example_interfaces/example_interfaces/action/detail/fibonacci__functions.h
-- Installing: /root/maturo_project/leap_low_v1/managed_components/micro_ros_espidf_component/micro_ros_src/install/include/example_interfaces/example_interfaces/action/detail/fibonacci__struct.h
-- Installing: /root/maturo_project/leap_low_v1/managed_components/micro_ros_espidf_component/micro_ros_src/install/include/example_interfaces/example_interfaces/action/detail/fibonacci__type_support.h
-- Installing: /root/maturo_project/leap_low_v1/managed_components/micro_ros_espidf_component/micro_ros_src/install/include/example_interfaces/example_interfaces/action/detail/fibonacci__functions.c
-- Installing: /root/maturo_project/leap_low_v1/managed_components/micro_ros_espidf_component/micro_ros_src/install/include/example_interfaces/example_interfaces/msg
-- Installing: /root/maturo_project/leap_low_v1/managed_components/micro_ros_espidf_component/micro_ros_src/install/include/example_interfaces/example_interfaces/msg/w_string.h
-- Installing: /root/maturo_project/leap_low_v1/managed_components/micro_ros_espidf_component/micro_ros_src/install/include/example_interfaces/example_interfaces/msg/float64_multi_array.h
-- Installing: /root/maturo_project/leap_low_v1/managed_components/micro_ros_espidf_component/micro_ros_src/install/include/example_interfaces/example_interfaces/msg/u_int8.h
-- Installing: /root/maturo_project/leap_low_v1/managed_components/micro_ros_espidf_component/micro_ros_src/install/include/example_interfaces/example_interfaces/msg/int32.h
-- Installing: /root/maturo_project/leap_low_v1/managed_components/micro_ros_espidf_component/micro_ros_src/install/include/example_interfaces/example_interfaces/msg/byte_multi_array.h
-- Installing: /root/maturo_project/leap_low_v1/managed_components/micro_ros_espidf_component/micro_ros_src/install/include/example_interfaces/example_interfaces/msg/float32.h
-- Installing: /root/maturo_project/leap_low_v1/managed_components/micro_ros_espidf_component/micro_ros_src/install/include/example_interfaces/example_interfaces/msg/multi_array_layout.h
-- Installing: /root/maturo_project/leap_low_v1/managed_components/micro_ros_espidf_component/micro_ros_src/install/include/example_interfaces/example_interfaces/msg/u_int8_multi_array.h
-- Installing: /root/maturo_project/leap_low_v1/managed_components/micro_ros_espidf_component/micro_ros_src/install/include/example_interfaces/example_interfaces/msg/string.h
-- Installing: /root/maturo_project/leap_low_v1/managed_components/micro_ros_espidf_component/micro_ros_src/install/include/example_interfaces/example_interfaces/msg/int64_multi_array.h
-- Installing: /root/maturo_project/leap_low_v1/managed_components/micro_ros_espidf_component/micro_ros_src/install/include/example_interfaces/example_interfaces/msg/rosidl_generator_c__visibility_control.h
-- Installing: /root/maturo_project/leap_low_v1/managed_components/micro_ros_espidf_component/micro_ros_src/install/include/example_interfaces/example_interfaces/msg/u_int64_multi_array.h
-- Installing: /root/maturo_project/leap_low_v1/managed_components/micro_ros_espidf_component/micro_ros_src/install/include/example_interfaces/example_interfaces/msg/int16.h
-- Installing: /root/maturo_project/leap_low_v1/managed_components/micro_ros_espidf_component/micro_ros_src/install/include/example_interfaces/example_interfaces/msg/int16_multi_array.h
-- Installing: /root/maturo_project/leap_low_v1/managed_components/micro_ros_espidf_component/micro_ros_src/install/include/example_interfaces/example_interfaces/msg/empty.h
-- Installing: /root/maturo_project/leap_low_v1/managed_components/micro_ros_espidf_component/micro_ros_src/install/include/example_interfaces/example_interfaces/msg/float64.h
-- Installing: /root/maturo_project/leap_low_v1/managed_components/micro_ros_espidf_component/micro_ros_src/install/include/example_interfaces/example_interfaces/msg/u_int32.h
-- Installing: /root/maturo_project/leap_low_v1/managed_components/micro_ros_espidf_component/micro_ros_src/install/include/example_interfaces/example_interfaces/msg/detail
-- Installing: /root/maturo_project/leap_low_v1/managed_components/micro_ros_espidf_component/micro_ros_src/install/include/example_interfaces/example_interfaces/msg/detail/bool__functions.c
-- Installing: /root/maturo_project/leap_low_v1/managed_components/micro_ros_espidf_component/micro_ros_src/install/include/example_interfaces/example_interfaces/msg/detail/int8_multi_array__functions.h
-- Installing: /root/maturo_project/leap_low_v1/managed_components/micro_ros_espidf_component/micro_ros_src/install/include/example_interfaces/example_interfaces/msg/detail/int8_multi_array__struct.h
-- Installing: /root/maturo_project/leap_low_v1/managed_components/micro_ros_espidf_component/micro_ros_src/install/include/example_interfaces/example_interfaces/msg/detail/int64__struct.h
-- Installing: /root/maturo_project/leap_low_v1/managed_components/micro_ros_espidf_component/micro_ros_src/install/include/example_interfaces/example_interfaces/msg/detail/int8__type_support.h
-- Installing: /root/maturo_project/leap_low_v1/managed_components/micro_ros_espidf_component/micro_ros_src/install/include/example_interfaces/example_interfaces/msg/detail/float32_multi_array__type_support.h
-- Installing: /root/maturo_project/leap_low_v1/managed_components/micro_ros_espidf_component/micro_ros_src/install/include/example_interfaces/example_interfaces/msg/detail/float64__functions.c
-- Installing: /root/maturo_project/leap_low_v1/managed_components/micro_ros_espidf_component/micro_ros_src/install/include/example_interfaces/example_interfaces/msg/detail/u_int8__type_support.h
-- Installing: /root/maturo_project/leap_low_v1/managed_components/micro_ros_espidf_component/micro_ros_src/install/include/example_interfaces/example_interfaces/msg/detail/int8__struct.h
-- Installing: /root/maturo_project/leap_low_v1/managed_components/micro_ros_espidf_component/micro_ros_src/install/include/example_interfaces/example_interfaces/msg/detail/w_string__functions.h
-- Installing: /root/maturo_project/leap_low_v1/managed_components/micro_ros_espidf_component/micro_ros_src/install/include/example_interfaces/example_interfaces/msg/detail/u_int64_multi_array__functions.c
-- Installing: /root/maturo_project/leap_low_v1/managed_components/micro_ros_espidf_component/micro_ros_src/install/include/example_interfaces/example_interfaces/msg/detail/float32__functions.h
-- Installing: /root/maturo_project/leap_low_v1/managed_components/micro_ros_espidf_component/micro_ros_src/install/include/example_interfaces/example_interfaces/msg/detail/bool__struct.h
-- Installing: /root/maturo_project/leap_low_v1/managed_components/micro_ros_espidf_component/micro_ros_src/install/include/example_interfaces/example_interfaces/msg/detail/multi_array_layout__struct.h
-- Installing: /root/maturo_project/leap_low_v1/managed_components/micro_ros_espidf_component/micro_ros_src/install/include/example_interfaces/example_interfaces/msg/detail/u_int32_multi_array__functions.h
-- Installing: /root/maturo_project/leap_low_v1/managed_components/micro_ros_espidf_component/micro_ros_src/install/include/example_interfaces/example_interfaces/msg/detail/float64__type_support.h
-- Installing: /root/maturo_project/leap_low_v1/managed_components/micro_ros_espidf_component/micro_ros_src/install/include/example_interfaces/example_interfaces/msg/detail/int32__struct.h
-- Installing: /root/maturo_project/leap_low_v1/managed_components/micro_ros_espidf_component/micro_ros_src/install/include/example_interfaces/example_interfaces/msg/detail/float64__functions.h
-- Installing: /root/maturo_project/leap_low_v1/managed_components/micro_ros_espidf_component/micro_ros_src/install/include/example_interfaces/example_interfaces/msg/detail/int8__functions.c
-- Installing: /root/maturo_project/leap_low_v1/managed_components/micro_ros_espidf_component/micro_ros_src/install/include/example_interfaces/example_interfaces/msg/detail/int32_multi_array__functions.c
-- Installing: /root/maturo_project/leap_low_v1/managed_components/micro_ros_espidf_component/micro_ros_src/install/include/example_interfaces/example_interfaces/msg/detail/char__functions.c
-- Installing: /root/maturo_project/leap_low_v1/managed_components/micro_ros_espidf_component/micro_ros_src/install/include/example_interfaces/example_interfaces/msg/detail/byte_multi_array__struct.h
-- Installing: /root/maturo_project/leap_low_v1/managed_components/micro_ros_espidf_component/micro_ros_src/install/include/example_interfaces/example_interfaces/msg/detail/u_int16__functions.c
-- Installing: /root/maturo_project/leap_low_v1/managed_components/micro_ros_espidf_component/micro_ros_src/install/include/example_interfaces/example_interfaces/msg/detail/multi_array_dimension__type_support.h
-- Installing: /root/maturo_project/leap_low_v1/managed_components/micro_ros_espidf_component/micro_ros_src/install/include/example_interfaces/example_interfaces/msg/detail/int8__functions.h
-- Installing: /root/maturo_project/leap_low_v1/managed_components/micro_ros_espidf_component/micro_ros_src/install/include/example_interfaces/example_interfaces/msg/detail/float32__functions.c
-- Installing: /root/maturo_project/leap_low_v1/managed_components/micro_ros_espidf_component/micro_ros_src/install/include/example_interfaces/example_interfaces/msg/detail/u_int32__type_support.h
-- Installing: /root/maturo_project/leap_low_v1/managed_components/micro_ros_espidf_component/micro_ros_src/install/include/example_interfaces/example_interfaces/msg/detail/char__functions.h
-- Installing: /root/maturo_project/leap_low_v1/managed_components/micro_ros_espidf_component/micro_ros_src/install/include/example_interfaces/example_interfaces/msg/detail/float64_multi_array__type_support.h
-- Installing: /root/maturo_project/leap_low_v1/managed_components/micro_ros_espidf_component/micro_ros_src/install/include/example_interfaces/example_interfaces/msg/detail/multi_array_dimension__struct.h
-- Installing: /root/maturo_project/leap_low_v1/managed_components/micro_ros_espidf_component/micro_ros_src/install/include/example_interfaces/example_interfaces/msg/detail/float32_multi_array__functions.h
-- Installing: /root/maturo_project/leap_low_v1/managed_components/micro_ros_espidf_component/micro_ros_src/install/include/example_interfaces/example_interfaces/msg/detail/int64_multi_array__functions.h
-- Installing: /root/maturo_project/leap_low_v1/managed_components/micro_ros_espidf_component/micro_ros_src/install/include/example_interfaces/example_interfaces/msg/detail/float64_multi_array__struct.h
-- Installing: /root/maturo_project/leap_low_v1/managed_components/micro_ros_espidf_component/micro_ros_src/install/include/example_interfaces/example_interfaces/msg/detail/u_int32__functions.c
-- Installing: /root/maturo_project/leap_low_v1/managed_components/micro_ros_espidf_component/micro_ros_src/install/include/example_interfaces/example_interfaces/msg/detail/int8_multi_array__type_support.h
-- Installing: /root/maturo_project/leap_low_v1/managed_components/micro_ros_espidf_component/micro_ros_src/install/include/example_interfaces/example_interfaces/msg/detail/float64_multi_array__functions.c
-- Installing: /root/maturo_project/leap_low_v1/managed_components/micro_ros_espidf_component/micro_ros_src/install/include/example_interfaces/example_interfaces/msg/detail/string__functions.h
-- Installing: /root/maturo_project/leap_low_v1/managed_components/micro_ros_espidf_component/micro_ros_src/install/include/example_interfaces/example_interfaces/msg/detail/int64__type_support.h
-- Installing: /root/maturo_project/leap_low_v1/managed_components/micro_ros_espidf_component/micro_ros_src/install/include/example_interfaces/example_interfaces/msg/detail/int16__struct.h
-- Installing: /root/maturo_project/leap_low_v1/managed_components/micro_ros_espidf_component/micro_ros_src/install/include/example_interfaces/example_interfaces/msg/detail/u_int16__functions.h
-- Installing: /root/maturo_project/leap_low_v1/managed_components/micro_ros_espidf_component/micro_ros_src/install/include/example_interfaces/example_interfaces/msg/detail/int16__functions.c
-- Installing: /root/maturo_project/leap_low_v1/managed_components/micro_ros_espidf_component/micro_ros_src/install/include/example_interfaces/example_interfaces/msg/detail/int16_multi_array__struct.h
-- Installing: /root/maturo_project/leap_low_v1/managed_components/micro_ros_espidf_component/micro_ros_src/install/include/example_interfaces/example_interfaces/msg/detail/u_int8_multi_array__functions.h
-- Installing: /root/maturo_project/leap_low_v1/managed_components/micro_ros_espidf_component/micro_ros_src/install/include/example_interfaces/example_interfaces/msg/detail/int16__type_support.h
-- Installing: /root/maturo_project/leap_low_v1/managed_components/micro_ros_espidf_component/micro_ros_src/install/include/example_interfaces/example_interfaces/msg/detail/byte_multi_array__type_support.h
-- Installing: /root/maturo_project/leap_low_v1/managed_components/micro_ros_espidf_component/micro_ros_src/install/include/example_interfaces/example_interfaces/msg/detail/float32_multi_array__struct.h
-- Installing: /root/maturo_project/leap_low_v1/managed_components/micro_ros_espidf_component/micro_ros_src/install/include/example_interfaces/example_interfaces/msg/detail/int64_multi_array__struct.h
-- Installing: /root/maturo_project/leap_low_v1/managed_components/micro_ros_espidf_component/micro_ros_src/install/include/example_interfaces/example_interfaces/msg/detail/float64_multi_array__functions.h
-- Installing: /root/maturo_project/leap_low_v1/managed_components/micro_ros_espidf_component/micro_ros_src/install/include/example_interfaces/example_interfaces/msg/detail/u_int16__type_support.h
-- Installing: /root/maturo_project/leap_low_v1/managed_components/micro_ros_espidf_component/micro_ros_src/install/include/example_interfaces/example_interfaces/msg/detail/empty__type_support.h
-- Installing: /root/maturo_project/leap_low_v1/managed_components/micro_ros_espidf_component/micro_ros_src/install/include/example_interfaces/example_interfaces/msg/detail/int32__functions.c
-- Installing: /root/maturo_project/leap_low_v1/managed_components/micro_ros_espidf_component/micro_ros_src/install/include/example_interfaces/example_interfaces/msg/detail/u_int8_multi_array__struct.h
-- Installing: /root/maturo_project/leap_low_v1/managed_components/micro_ros_espidf_component/micro_ros_src/install/include/example_interfaces/example_interfaces/msg/detail/u_int32_multi_array__type_support.h
-- Installing: /root/maturo_project/leap_low_v1/managed_components/micro_ros_espidf_component/micro_ros_src/install/include/example_interfaces/example_interfaces/msg/detail/u_int64_multi_array__functions.h
-- Installing: /root/maturo_project/leap_low_v1/managed_components/micro_ros_espidf_component/micro_ros_src/install/include/example_interfaces/example_interfaces/msg/detail/int32_multi_array__functions.h
-- Installing: /root/maturo_project/leap_low_v1/managed_components/micro_ros_espidf_component/micro_ros_src/install/include/example_interfaces/example_interfaces/msg/detail/u_int8__struct.h
-- Installing: /root/maturo_project/leap_low_v1/managed_components/micro_ros_espidf_component/micro_ros_src/install/include/example_interfaces/example_interfaces/msg/detail/int32__functions.h
-- Installing: /root/maturo_project/leap_low_v1/managed_components/micro_ros_espidf_component/micro_ros_src/install/include/example_interfaces/example_interfaces/msg/detail/int64__functions.h
-- Installing: /root/maturo_project/leap_low_v1/managed_components/micro_ros_espidf_component/micro_ros_src/install/include/example_interfaces/example_interfaces/msg/detail/byte__functions.c
-- Installing: /root/maturo_project/leap_low_v1/managed_components/micro_ros_espidf_component/micro_ros_src/install/include/example_interfaces/example_interfaces/msg/detail/bool__functions.h
-- Installing: /root/maturo_project/leap_low_v1/managed_components/micro_ros_espidf_component/micro_ros_src/install/include/example_interfaces/example_interfaces/msg/detail/empty__functions.h
-- Installing: /root/maturo_project/leap_low_v1/managed_components/micro_ros_espidf_component/micro_ros_src/install/include/example_interfaces/example_interfaces/msg/detail/string__type_support.h
-- Installing: /root/maturo_project/leap_low_v1/managed_components/micro_ros_espidf_component/micro_ros_src/install/include/example_interfaces/example_interfaces/msg/detail/u_int32__struct.h
-- Installing: /root/maturo_project/leap_low_v1/managed_components/micro_ros_espidf_component/micro_ros_src/install/include/example_interfaces/example_interfaces/msg/detail/int32_multi_array__type_support.h
-- Installing: /root/maturo_project/leap_low_v1/managed_components/micro_ros_espidf_component/micro_ros_src/install/include/example_interfaces/example_interfaces/msg/detail/w_string__functions.c
-- Installing: /root/maturo_project/leap_low_v1/managed_components/micro_ros_espidf_component/micro_ros_src/install/include/example_interfaces/example_interfaces/msg/detail/u_int64_multi_array__type_support.h
-- Installing: /root/maturo_project/leap_low_v1/managed_components/micro_ros_espidf_component/micro_ros_src/install/include/example_interfaces/example_interfaces/msg/detail/empty__functions.c
-- Installing: /root/maturo_project/leap_low_v1/managed_components/micro_ros_espidf_component/micro_ros_src/install/include/example_interfaces/example_interfaces/msg/detail/multi_array_layout__functions.c
-- Installing: /root/maturo_project/leap_low_v1/managed_components/micro_ros_espidf_component/micro_ros_src/install/include/example_interfaces/example_interfaces/msg/detail/float32__struct.h
-- Installing: /root/maturo_project/leap_low_v1/managed_components/micro_ros_espidf_component/micro_ros_src/install/include/example_interfaces/example_interfaces/msg/detail/byte__functions.h
-- Installing: /root/maturo_project/leap_low_v1/managed_components/micro_ros_espidf_component/micro_ros_src/install/include/example_interfaces/example_interfaces/msg/detail/int32_multi_array__struct.h
-- Installing: /root/maturo_project/leap_low_v1/managed_components/micro_ros_espidf_component/micro_ros_src/install/include/example_interfaces/example_interfaces/msg/detail/char__struct.h
-- Installing: /root/maturo_project/leap_low_v1/managed_components/micro_ros_espidf_component/micro_ros_src/install/include/example_interfaces/example_interfaces/msg/detail/char__type_support.h
-- Installing: /root/maturo_project/leap_low_v1/managed_components/micro_ros_espidf_component/micro_ros_src/install/include/example_interfaces/example_interfaces/msg/detail/int16_multi_array__type_support.h
-- Installing: /root/maturo_project/leap_low_v1/managed_components/micro_ros_espidf_component/micro_ros_src/install/include/example_interfaces/example_interfaces/msg/detail/u_int64__type_support.h
-- Installing: /root/maturo_project/leap_low_v1/managed_components/micro_ros_espidf_component/micro_ros_src/install/include/example_interfaces/example_interfaces/msg/detail/int64_multi_array__functions.c
-- Installing: /root/maturo_project/leap_low_v1/managed_components/micro_ros_espidf_component/micro_ros_src/install/include/example_interfaces/example_interfaces/msg/detail/int64__functions.c
-- Installing: /root/maturo_project/leap_low_v1/managed_components/micro_ros_espidf_component/micro_ros_src/install/include/example_interfaces/example_interfaces/msg/detail/int64_multi_array__type_support.h
-- Installing: /root/maturo_project/leap_low_v1/managed_components/micro_ros_espidf_component/micro_ros_src/install/include/example_interfaces/example_interfaces/msg/detail/int8_multi_array__functions.c
-- Installing: /root/maturo_project/leap_low_v1/managed_components/micro_ros_espidf_component/micro_ros_src/install/include/example_interfaces/example_interfaces/msg/detail/string__functions.c
-- Installing: /root/maturo_project/leap_low_v1/managed_components/micro_ros_espidf_component/micro_ros_src/install/include/example_interfaces/example_interfaces/msg/detail/u_int32_multi_array__struct.h
-- Installing: /root/maturo_project/leap_low_v1/managed_components/micro_ros_espidf_component/micro_ros_src/install/include/example_interfaces/example_interfaces/msg/detail/u_int16__struct.h
-- Installing: /root/maturo_project/leap_low_v1/managed_components/micro_ros_espidf_component/micro_ros_src/install/include/example_interfaces/example_interfaces/msg/detail/u_int8_multi_array__functions.c
-- Installing: /root/maturo_project/leap_low_v1/managed_components/micro_ros_espidf_component/micro_ros_src/install/include/example_interfaces/example_interfaces/msg/detail/byte_multi_array__functions.c
-- Installing: /root/maturo_project/leap_low_v1/managed_components/micro_ros_espidf_component/micro_ros_src/install/include/example_interfaces/example_interfaces/msg/detail/u_int16_multi_array__type_support.h
-- Installing: /root/maturo_project/leap_low_v1/managed_components/micro_ros_espidf_component/micro_ros_src/install/include/example_interfaces/example_interfaces/msg/detail/int16_multi_array__functions.c
-- Installing: /root/maturo_project/leap_low_v1/managed_components/micro_ros_espidf_component/micro_ros_src/install/include/example_interfaces/example_interfaces/msg/detail/u_int16_multi_array__functions.c
-- Installing: /root/maturo_project/leap_low_v1/managed_components/micro_ros_espidf_component/micro_ros_src/install/include/example_interfaces/example_interfaces/msg/detail/multi_array_layout__type_support.h
-- Installing: /root/maturo_project/leap_low_v1/managed_components/micro_ros_espidf_component/micro_ros_src/install/include/example_interfaces/example_interfaces/msg/detail/u_int64__struct.h
-- Installing: /root/maturo_project/leap_low_v1/managed_components/micro_ros_espidf_component/micro_ros_src/install/include/example_interfaces/example_interfaces/msg/detail/u_int8_multi_array__type_support.h
-- Installing: /root/maturo_project/leap_low_v1/managed_components/micro_ros_espidf_component/micro_ros_src/install/include/example_interfaces/example_interfaces/msg/detail/string__struct.h
-- Installing: /root/maturo_project/leap_low_v1/managed_components/micro_ros_espidf_component/micro_ros_src/install/include/example_interfaces/example_interfaces/msg/detail/u_int32__functions.h
-- Installing: /root/maturo_project/leap_low_v1/managed_components/micro_ros_espidf_component/micro_ros_src/install/include/example_interfaces/example_interfaces/msg/detail/u_int64__functions.c
-- Installing: /root/maturo_project/leap_low_v1/managed_components/micro_ros_espidf_component/micro_ros_src/install/include/example_interfaces/example_interfaces/msg/detail/u_int64_multi_array__struct.h
-- Installing: /root/maturo_project/leap_low_v1/managed_components/micro_ros_espidf_component/micro_ros_src/install/include/example_interfaces/example_interfaces/msg/detail/empty__struct.h
-- Installing: /root/maturo_project/leap_low_v1/managed_components/micro_ros_espidf_component/micro_ros_src/install/include/example_interfaces/example_interfaces/msg/detail/float32__type_support.h
-- Installing: /root/maturo_project/leap_low_v1/managed_components/micro_ros_espidf_component/micro_ros_src/install/include/example_interfaces/example_interfaces/msg/detail/byte_multi_array__functions.h
-- Installing: /root/maturo_project/leap_low_v1/managed_components/micro_ros_espidf_component/micro_ros_src/install/include/example_interfaces/example_interfaces/msg/detail/int16__functions.h
-- Installing: /root/maturo_project/leap_low_v1/managed_components/micro_ros_espidf_component/micro_ros_src/install/include/example_interfaces/example_interfaces/msg/detail/int16_multi_array__functions.h
-- Installing: /root/maturo_project/leap_low_v1/managed_components/micro_ros_espidf_component/micro_ros_src/install/include/example_interfaces/example_interfaces/msg/detail/bool__type_support.h
-- Installing: /root/maturo_project/leap_low_v1/managed_components/micro_ros_espidf_component/micro_ros_src/install/include/example_interfaces/example_interfaces/msg/detail/u_int32_multi_array__functions.c
-- Installing: /root/maturo_project/leap_low_v1/managed_components/micro_ros_espidf_component/micro_ros_src/install/include/example_interfaces/example_interfaces/msg/detail/float32_multi_array__functions.c
-- Installing: /root/maturo_project/leap_low_v1/managed_components/micro_ros_espidf_component/micro_ros_src/install/include/example_interfaces/example_interfaces/msg/detail/multi_array_layout__functions.h
-- Installing: /root/maturo_project/leap_low_v1/managed_components/micro_ros_espidf_component/micro_ros_src/install/include/example_interfaces/example_interfaces/msg/detail/u_int16_multi_array__functions.h
-- Installing: /root/maturo_project/leap_low_v1/managed_components/micro_ros_espidf_component/micro_ros_src/install/include/example_interfaces/example_interfaces/msg/detail/byte__struct.h
-- Installing: /root/maturo_project/leap_low_v1/managed_components/micro_ros_espidf_component/micro_ros_src/install/include/example_interfaces/example_interfaces/msg/detail/multi_array_dimension__functions.c
-- Installing: /root/maturo_project/leap_low_v1/managed_components/micro_ros_espidf_component/micro_ros_src/install/include/example_interfaces/example_interfaces/msg/detail/u_int64__functions.h
-- Installing: /root/maturo_project/leap_low_v1/managed_components/micro_ros_espidf_component/micro_ros_src/install/include/example_interfaces/example_interfaces/msg/detail/int32__type_support.h
-- Installing: /root/maturo_project/leap_low_v1/managed_components/micro_ros_espidf_component/micro_ros_src/install/include/example_interfaces/example_interfaces/msg/detail/byte__type_support.h
-- Installing: /root/maturo_project/leap_low_v1/managed_components/micro_ros_espidf_component/micro_ros_src/install/include/example_interfaces/example_interfaces/msg/detail/u_int8__functions.c
-- Installing: /root/maturo_project/leap_low_v1/managed_components/micro_ros_espidf_component/micro_ros_src/install/include/example_interfaces/example_interfaces/msg/detail/w_string__type_support.h
-- Installing: /root/maturo_project/leap_low_v1/managed_components/micro_ros_espidf_component/micro_ros_src/install/include/example_interfaces/example_interfaces/msg/detail/multi_array_dimension__functions.h
-- Installing: /root/maturo_project/leap_low_v1/managed_components/micro_ros_espidf_component/micro_ros_src/install/include/example_interfaces/example_interfaces/msg/detail/w_string__struct.h
-- Installing: /root/maturo_project/leap_low_v1/managed_components/micro_ros_espidf_component/micro_ros_src/install/include/example_interfaces/example_interfaces/msg/detail/u_int16_multi_array__struct.h
-- Installing: /root/maturo_project/leap_low_v1/managed_components/micro_ros_espidf_component/micro_ros_src/install/include/example_interfaces/example_interfaces/msg/detail/u_int8__functions.h
-- Installing: /root/maturo_project/leap_low_v1/managed_components/micro_ros_espidf_component/micro_ros_src/install/include/example_interfaces/example_interfaces/msg/detail/float64__struct.h
-- Installing: /root/maturo_project/leap_low_v1/managed_components/micro_ros_espidf_component/micro_ros_src/install/include/example_interfaces/example_interfaces/msg/int32_multi_array.h
-- Installing: /root/maturo_project/leap_low_v1/managed_components/micro_ros_espidf_component/micro_ros_src/install/include/example_interfaces/example_interfaces/msg/int64.h
-- Installing: /root/maturo_project/leap_low_v1/managed_components/micro_ros_espidf_component/micro_ros_src/install/include/example_interfaces/example_interfaces/msg/bool.h
-- Installing: /root/maturo_project/leap_low_v1/managed_components/micro_ros_espidf_component/micro_ros_src/install/include/example_interfaces/example_interfaces/msg/float32_multi_array.h
-- Installing: /root/maturo_project/leap_low_v1/managed_components/micro_ros_espidf_component/micro_ros_src/install/include/example_interfaces/example_interfaces/msg/char.h
-- Installing: /root/maturo_project/leap_low_v1/managed_components/micro_ros_espidf_component/micro_ros_src/install/include/example_interfaces/example_interfaces/msg/u_int16.h
-- Installing: /root/maturo_project/leap_low_v1/managed_components/micro_ros_espidf_component/micro_ros_src/install/include/example_interfaces/example_interfaces/msg/u_int64.h
-- Installing: /root/maturo_project/leap_low_v1/managed_components/micro_ros_espidf_component/micro_ros_src/install/include/example_interfaces/example_interfaces/msg/int8_multi_array.h
-- Installing: /root/maturo_project/leap_low_v1/managed_components/micro_ros_espidf_component/micro_ros_src/install/include/example_interfaces/example_interfaces/msg/u_int32_multi_array.h
-- Installing: /root/maturo_project/leap_low_v1/managed_components/micro_ros_espidf_component/micro_ros_src/install/include/example_interfaces/example_interfaces/msg/byte.h
-- Installing: /root/maturo_project/leap_low_v1/managed_components/micro_ros_espidf_component/micro_ros_src/install/include/example_interfaces/example_interfaces/msg/multi_array_dimension.h
-- Installing: /root/maturo_project/leap_low_v1/managed_components/micro_ros_espidf_component/micro_ros_src/install/include/example_interfaces/example_interfaces/msg/u_int16_multi_array.h
-- Installing: /root/maturo_project/leap_low_v1/managed_components/micro_ros_espidf_component/micro_ros_src/install/include/example_interfaces/example_interfaces/msg/int8.h
-- Installing: /root/maturo_project/leap_low_v1/managed_components/micro_ros_espidf_component/micro_ros_src/install/share/example_interfaces/environment/library_path.sh
-- Installing: /root/maturo_project/leap_low_v1/managed_components/micro_ros_espidf_component/micro_ros_src/install/share/example_interfaces/environment/library_path.dsv
-- Installing: /root/maturo_project/leap_low_v1/managed_components/micro_ros_espidf_component/micro_ros_src/install/lib/libexample_interfaces__rosidl_generator_c.a
-- Up-to-date: /root/maturo_project/leap_low_v1/managed_components/micro_ros_espidf_component/micro_ros_src/install/include/example_interfaces/example_interfaces
-- Up-to-date: /root/maturo_project/leap_low_v1/managed_components/micro_ros_espidf_component/micro_ros_src/install/include/example_interfaces/example_interfaces/srv
-- Up-to-date: /root/maturo_project/leap_low_v1/managed_components/micro_ros_espidf_component/micro_ros_src/install/include/example_interfaces/example_interfaces/srv/detail
-- Installing: /root/maturo_project/leap_low_v1/managed_components/micro_ros_espidf_component/micro_ros_src/install/include/example_interfaces/example_interfaces/srv/detail/trigger__rosidl_typesupport_introspection_c.h
-- Installing: /root/maturo_project/leap_low_v1/managed_components/micro_ros_espidf_component/micro_ros_src/install/include/example_interfaces/example_interfaces/srv/detail/set_bool__rosidl_typesupport_introspection_c.h
-- Installing: /root/maturo_project/leap_low_v1/managed_components/micro_ros_espidf_component/micro_ros_src/install/include/example_interfaces/example_interfaces/srv/detail/add_two_ints__rosidl_typesupport_introspection_c.h
-- Installing: /root/maturo_project/leap_low_v1/managed_components/micro_ros_espidf_component/micro_ros_src/install/include/example_interfaces/example_interfaces/srv/detail/trigger__type_support.c
-- Installing: /root/maturo_project/leap_low_v1/managed_components/micro_ros_espidf_component/micro_ros_src/install/include/example_interfaces/example_interfaces/srv/detail/set_bool__type_support.c
-- Installing: /root/maturo_project/leap_low_v1/managed_components/micro_ros_espidf_component/micro_ros_src/install/include/example_interfaces/example_interfaces/srv/detail/add_two_ints__type_support.c
-- Up-to-date: /root/maturo_project/leap_low_v1/managed_components/micro_ros_espidf_component/micro_ros_src/install/include/example_interfaces/example_interfaces/action
-- Up-to-date: /root/maturo_project/leap_low_v1/managed_components/micro_ros_espidf_component/micro_ros_src/install/include/example_interfaces/example_interfaces/action/detail
-- Installing: /root/maturo_project/leap_low_v1/managed_components/micro_ros_espidf_component/micro_ros_src/install/include/example_interfaces/example_interfaces/action/detail/fibonacci__type_support.c
-- Installing: /root/maturo_project/leap_low_v1/managed_components/micro_ros_espidf_component/micro_ros_src/install/include/example_interfaces/example_interfaces/action/detail/fibonacci__rosidl_typesupport_introspection_c.h
-- Up-to-date: /root/maturo_project/leap_low_v1/managed_components/micro_ros_espidf_component/micro_ros_src/install/include/example_interfaces/example_interfaces/msg
-- Installing: /root/maturo_project/leap_low_v1/managed_components/micro_ros_espidf_component/micro_ros_src/install/include/example_interfaces/example_interfaces/msg/rosidl_typesupport_introspection_c__visibility_control.h
-- Up-to-date: /root/maturo_project/leap_low_v1/managed_components/micro_ros_espidf_component/micro_ros_src/install/include/example_interfaces/example_interfaces/msg/detail
-- Installing: /root/maturo_project/leap_low_v1/managed_components/micro_ros_espidf_component/micro_ros_src/install/include/example_interfaces/example_interfaces/msg/detail/float64__type_support.c
-- Installing: /root/maturo_project/leap_low_v1/managed_components/micro_ros_espidf_component/micro_ros_src/install/include/example_interfaces/example_interfaces/msg/detail/u_int8_multi_array__type_support.c
-- Installing: /root/maturo_project/leap_low_v1/managed_components/micro_ros_espidf_component/micro_ros_src/install/include/example_interfaces/example_interfaces/msg/detail/int16__type_support.c
-- Installing: /root/maturo_project/leap_low_v1/managed_components/micro_ros_espidf_component/micro_ros_src/install/include/example_interfaces/example_interfaces/msg/detail/multi_array_layout__rosidl_typesupport_introspection_c.h
-- Installing: /root/maturo_project/leap_low_v1/managed_components/micro_ros_espidf_component/micro_ros_src/install/include/example_interfaces/example_interfaces/msg/detail/bool__rosidl_typesupport_introspection_c.h
-- Installing: /root/maturo_project/leap_low_v1/managed_components/micro_ros_espidf_component/micro_ros_src/install/include/example_interfaces/example_interfaces/msg/detail/u_int32__type_support.c
-- Installing: /root/maturo_project/leap_low_v1/managed_components/micro_ros_espidf_component/micro_ros_src/install/include/example_interfaces/example_interfaces/msg/detail/float64_multi_array__rosidl_typesupport_introspection_c.h
-- Installing: /root/maturo_project/leap_low_v1/managed_components/micro_ros_espidf_component/micro_ros_src/install/include/example_interfaces/example_interfaces/msg/detail/u_int16__rosidl_typesupport_introspection_c.h
-- Installing: /root/maturo_project/leap_low_v1/managed_components/micro_ros_espidf_component/micro_ros_src/install/include/example_interfaces/example_interfaces/msg/detail/int16_multi_array__type_support.c
-- Installing: /root/maturo_project/leap_low_v1/managed_components/micro_ros_espidf_component/micro_ros_src/install/include/example_interfaces/example_interfaces/msg/detail/u_int32_multi_array__rosidl_typesupport_introspection_c.h
-- Installing: /root/maturo_project/leap_low_v1/managed_components/micro_ros_espidf_component/micro_ros_src/install/include/example_interfaces/example_interfaces/msg/detail/int8_multi_array__rosidl_typesupport_introspection_c.h
-- Installing: /root/maturo_project/leap_low_v1/managed_components/micro_ros_espidf_component/micro_ros_src/install/include/example_interfaces/example_interfaces/msg/detail/u_int8__rosidl_typesupport_introspection_c.h
-- Installing: /root/maturo_project/leap_low_v1/managed_components/micro_ros_espidf_component/micro_ros_src/install/include/example_interfaces/example_interfaces/msg/detail/int32_multi_array__type_support.c
-- Installing: /root/maturo_project/leap_low_v1/managed_components/micro_ros_espidf_component/micro_ros_src/install/include/example_interfaces/example_interfaces/msg/detail/float64__rosidl_typesupport_introspection_c.h
-- Installing: /root/maturo_project/leap_low_v1/managed_components/micro_ros_espidf_component/micro_ros_src/install/include/example_interfaces/example_interfaces/msg/detail/u_int32__rosidl_typesupport_introspection_c.h
-- Installing: /root/maturo_project/leap_low_v1/managed_components/micro_ros_espidf_component/micro_ros_src/install/include/example_interfaces/example_interfaces/msg/detail/w_string__type_support.c
-- Installing: /root/maturo_project/leap_low_v1/managed_components/micro_ros_espidf_component/micro_ros_src/install/include/example_interfaces/example_interfaces/msg/detail/string__type_support.c
-- Installing: /root/maturo_project/leap_low_v1/managed_components/micro_ros_espidf_component/micro_ros_src/install/include/example_interfaces/example_interfaces/msg/detail/int64_multi_array__rosidl_typesupport_introspection_c.h
-- Installing: /root/maturo_project/leap_low_v1/managed_components/micro_ros_espidf_component/micro_ros_src/install/include/example_interfaces/example_interfaces/msg/detail/u_int64_multi_array__rosidl_typesupport_introspection_c.h
-- Installing: /root/maturo_project/leap_low_v1/managed_components/micro_ros_espidf_component/micro_ros_src/install/include/example_interfaces/example_interfaces/msg/detail/float32__type_support.c
-- Installing: /root/maturo_project/leap_low_v1/managed_components/micro_ros_espidf_component/micro_ros_src/install/include/example_interfaces/example_interfaces/msg/detail/byte_multi_array__rosidl_typesupport_introspection_c.h
-- Installing: /root/maturo_project/leap_low_v1/managed_components/micro_ros_espidf_component/micro_ros_src/install/include/example_interfaces/example_interfaces/msg/detail/u_int16_multi_array__rosidl_typesupport_introspection_c.h
-- Installing: /root/maturo_project/leap_low_v1/managed_components/micro_ros_espidf_component/micro_ros_src/install/include/example_interfaces/example_interfaces/msg/detail/int16_multi_array__rosidl_typesupport_introspection_c.h
-- Installing: /root/maturo_project/leap_low_v1/managed_components/micro_ros_espidf_component/micro_ros_src/install/include/example_interfaces/example_interfaces/msg/detail/w_string__rosidl_typesupport_introspection_c.h
-- Installing: /root/maturo_project/leap_low_v1/managed_components/micro_ros_espidf_component/micro_ros_src/install/include/example_interfaces/example_interfaces/msg/detail/int8__type_support.c
-- Installing: /root/maturo_project/leap_low_v1/managed_components/micro_ros_espidf_component/micro_ros_src/install/include/example_interfaces/example_interfaces/msg/detail/byte_multi_array__type_support.c
-- Installing: /root/maturo_project/leap_low_v1/managed_components/micro_ros_espidf_component/micro_ros_src/install/include/example_interfaces/example_interfaces/msg/detail/u_int16_multi_array__type_support.c
-- Installing: /root/maturo_project/leap_low_v1/managed_components/micro_ros_espidf_component/micro_ros_src/install/include/example_interfaces/example_interfaces/msg/detail/u_int64__type_support.c
-- Installing: /root/maturo_project/leap_low_v1/managed_components/micro_ros_espidf_component/micro_ros_src/install/include/example_interfaces/example_interfaces/msg/detail/int16__rosidl_typesupport_introspection_c.h
-- Installing: /root/maturo_project/leap_low_v1/managed_components/micro_ros_espidf_component/micro_ros_src/install/include/example_interfaces/example_interfaces/msg/detail/multi_array_dimension__rosidl_typesupport_introspection_c.h
-- Installing: /root/maturo_project/leap_low_v1/managed_components/micro_ros_espidf_component/micro_ros_src/install/include/example_interfaces/example_interfaces/msg/detail/float32__rosidl_typesupport_introspection_c.h
-- Installing: /root/maturo_project/leap_low_v1/managed_components/micro_ros_espidf_component/micro_ros_src/install/include/example_interfaces/example_interfaces/msg/detail/bool__type_support.c
-- Installing: /root/maturo_project/leap_low_v1/managed_components/micro_ros_espidf_component/micro_ros_src/install/include/example_interfaces/example_interfaces/msg/detail/byte__rosidl_typesupport_introspection_c.h
-- Installing: /root/maturo_project/leap_low_v1/managed_components/micro_ros_espidf_component/micro_ros_src/install/include/example_interfaces/example_interfaces/msg/detail/u_int64__rosidl_typesupport_introspection_c.h
-- Installing: /root/maturo_project/leap_low_v1/managed_components/micro_ros_espidf_component/micro_ros_src/install/include/example_interfaces/example_interfaces/msg/detail/char__rosidl_typesupport_introspection_c.h
-- Installing: /root/maturo_project/leap_low_v1/managed_components/micro_ros_espidf_component/micro_ros_src/install/include/example_interfaces/example_interfaces/msg/detail/int32__rosidl_typesupport_introspection_c.h
-- Installing: /root/maturo_project/leap_low_v1/managed_components/micro_ros_espidf_component/micro_ros_src/install/include/example_interfaces/example_interfaces/msg/detail/u_int16__type_support.c
-- Installing: /root/maturo_project/leap_low_v1/managed_components/micro_ros_espidf_component/micro_ros_src/install/include/example_interfaces/example_interfaces/msg/detail/u_int64_multi_array__type_support.c
-- Installing: /root/maturo_project/leap_low_v1/managed_components/micro_ros_espidf_component/micro_ros_src/install/include/example_interfaces/example_interfaces/msg/detail/int8__rosidl_typesupport_introspection_c.h
-- Installing: /root/maturo_project/leap_low_v1/managed_components/micro_ros_espidf_component/micro_ros_src/install/include/example_interfaces/example_interfaces/msg/detail/multi_array_dimension__type_support.c
-- Installing: /root/maturo_project/leap_low_v1/managed_components/micro_ros_espidf_component/micro_ros_src/install/include/example_interfaces/example_interfaces/msg/detail/string__rosidl_typesupport_introspection_c.h
-- Installing: /root/maturo_project/leap_low_v1/managed_components/micro_ros_espidf_component/micro_ros_src/install/include/example_interfaces/example_interfaces/msg/detail/int64__type_support.c
-- Installing: /root/maturo_project/leap_low_v1/managed_components/micro_ros_espidf_component/micro_ros_src/install/include/example_interfaces/example_interfaces/msg/detail/char__type_support.c
-- Installing: /root/maturo_project/leap_low_v1/managed_components/micro_ros_espidf_component/micro_ros_src/install/include/example_interfaces/example_interfaces/msg/detail/byte__type_support.c
-- Installing: /root/maturo_project/leap_low_v1/managed_components/micro_ros_espidf_component/micro_ros_src/install/include/example_interfaces/example_interfaces/msg/detail/int64__rosidl_typesupport_introspection_c.h
-- Installing: /root/maturo_project/leap_low_v1/managed_components/micro_ros_espidf_component/micro_ros_src/install/include/example_interfaces/example_interfaces/msg/detail/u_int32_multi_array__type_support.c
-- Installing: /root/maturo_project/leap_low_v1/managed_components/micro_ros_espidf_component/micro_ros_src/install/include/example_interfaces/example_interfaces/msg/detail/float64_multi_array__type_support.c
-- Installing: /root/maturo_project/leap_low_v1/managed_components/micro_ros_espidf_component/micro_ros_src/install/include/example_interfaces/example_interfaces/msg/detail/int64_multi_array__type_support.c
-- Installing: /root/maturo_project/leap_low_v1/managed_components/micro_ros_espidf_component/micro_ros_src/install/include/example_interfaces/example_interfaces/msg/detail/int32_multi_array__rosidl_typesupport_introspection_c.h
-- Installing: /root/maturo_project/leap_low_v1/managed_components/micro_ros_espidf_component/micro_ros_src/install/include/example_interfaces/example_interfaces/msg/detail/float32_multi_array__rosidl_typesupport_introspection_c.h
-- Installing: /root/maturo_project/leap_low_v1/managed_components/micro_ros_espidf_component/micro_ros_src/install/include/example_interfaces/example_interfaces/msg/detail/empty__rosidl_typesupport_introspection_c.h
-- Installing: /root/maturo_project/leap_low_v1/managed_components/micro_ros_espidf_component/micro_ros_src/install/include/example_interfaces/example_interfaces/msg/detail/int8_multi_array__type_support.c
-- Installing: /root/maturo_project/leap_low_v1/managed_components/micro_ros_espidf_component/micro_ros_src/install/include/example_interfaces/example_interfaces/msg/detail/empty__type_support.c
-- Installing: /root/maturo_project/leap_low_v1/managed_components/micro_ros_espidf_component/micro_ros_src/install/include/example_interfaces/example_interfaces/msg/detail/u_int8_multi_array__rosidl_typesupport_introspection_c.h
-- Installing: /root/maturo_project/leap_low_v1/managed_components/micro_ros_espidf_component/micro_ros_src/install/include/example_interfaces/example_interfaces/msg/detail/float32_multi_array__type_support.c
-- Installing: /root/maturo_project/leap_low_v1/managed_components/micro_ros_espidf_component/micro_ros_src/install/include/example_interfaces/example_interfaces/msg/detail/multi_array_layout__type_support.c
-- Installing: /root/maturo_project/leap_low_v1/managed_components/micro_ros_espidf_component/micro_ros_src/install/include/example_interfaces/example_interfaces/msg/detail/u_int8__type_support.c
-- Installing: /root/maturo_project/leap_low_v1/managed_components/micro_ros_espidf_component/micro_ros_src/install/include/example_interfaces/example_interfaces/msg/detail/int32__type_support.c
-- Installing: /root/maturo_project/leap_low_v1/managed_components/micro_ros_espidf_component/micro_ros_src/install/lib/libexample_interfaces__rosidl_typesupport_introspection_c.a
-- Up-to-date: /root/maturo_project/leap_low_v1/managed_components/micro_ros_espidf_component/micro_ros_src/install/include/example_interfaces/example_interfaces
-- Up-to-date: /root/maturo_project/leap_low_v1/managed_components/micro_ros_espidf_component/micro_ros_src/install/include/example_interfaces/example_interfaces/srv
-- Up-to-date: /root/maturo_project/leap_low_v1/managed_components/micro_ros_espidf_component/micro_ros_src/install/include/example_interfaces/example_interfaces/srv/detail
-- Installing: /root/maturo_project/leap_low_v1/managed_components/micro_ros_espidf_component/micro_ros_src/install/include/example_interfaces/example_interfaces/srv/detail/microxrcedds
-- Installing: /root/maturo_project/leap_low_v1/managed_components/micro_ros_espidf_component/micro_ros_src/install/include/example_interfaces/example_interfaces/srv/detail/set_bool__rosidl_typesupport_microxrcedds_c.h
-- Installing: /root/maturo_project/leap_low_v1/managed_components/micro_ros_espidf_component/micro_ros_src/install/include/example_interfaces/example_interfaces/srv/detail/add_two_ints__rosidl_typesupport_microxrcedds_c.h
-- Installing: /root/maturo_project/leap_low_v1/managed_components/micro_ros_espidf_component/micro_ros_src/install/include/example_interfaces/example_interfaces/srv/detail/trigger__rosidl_typesupport_microxrcedds_c.h
-- Up-to-date: /root/maturo_project/leap_low_v1/managed_components/micro_ros_espidf_component/micro_ros_src/install/include/example_interfaces/example_interfaces/action
-- Up-to-date: /root/maturo_project/leap_low_v1/managed_components/micro_ros_espidf_component/micro_ros_src/install/include/example_interfaces/example_interfaces/action/detail
-- Installing: /root/maturo_project/leap_low_v1/managed_components/micro_ros_espidf_component/micro_ros_src/install/include/example_interfaces/example_interfaces/action/detail/fibonacci__rosidl_typesupport_microxrcedds_c.h
-- Installing: /root/maturo_project/leap_low_v1/managed_components/micro_ros_espidf_component/micro_ros_src/install/include/example_interfaces/example_interfaces/action/detail/microxrcedds
-- Up-to-date: /root/maturo_project/leap_low_v1/managed_components/micro_ros_espidf_component/micro_ros_src/install/include/example_interfaces/example_interfaces/msg
-- Installing: /root/maturo_project/leap_low_v1/managed_components/micro_ros_espidf_component/micro_ros_src/install/include/example_interfaces/example_interfaces/msg/rosidl_typesupport_microxrcedds_c__visibility_control.h
-- Up-to-date: /root/maturo_project/leap_low_v1/managed_components/micro_ros_espidf_component/micro_ros_src/install/include/example_interfaces/example_interfaces/msg/detail
-- Installing: /root/maturo_project/leap_low_v1/managed_components/micro_ros_espidf_component/micro_ros_src/install/include/example_interfaces/example_interfaces/msg/detail/int64__rosidl_typesupport_microxrcedds_c.h
-- Installing: /root/maturo_project/leap_low_v1/managed_components/micro_ros_espidf_component/micro_ros_src/install/include/example_interfaces/example_interfaces/msg/detail/empty__rosidl_typesupport_microxrcedds_c.h
-- Installing: /root/maturo_project/leap_low_v1/managed_components/micro_ros_espidf_component/micro_ros_src/install/include/example_interfaces/example_interfaces/msg/detail/float64_multi_array__rosidl_typesupport_microxrcedds_c.h
-- Installing: /root/maturo_project/leap_low_v1/managed_components/micro_ros_espidf_component/micro_ros_src/install/include/example_interfaces/example_interfaces/msg/detail/multi_array_layout__rosidl_typesupport_microxrcedds_c.h
-- Installing: /root/maturo_project/leap_low_v1/managed_components/micro_ros_espidf_component/micro_ros_src/install/include/example_interfaces/example_interfaces/msg/detail/multi_array_dimension__rosidl_typesupport_microxrcedds_c.h
-- Installing: /root/maturo_project/leap_low_v1/managed_components/micro_ros_espidf_component/micro_ros_src/install/include/example_interfaces/example_interfaces/msg/detail/int8__rosidl_typesupport_microxrcedds_c.h
-- Installing: /root/maturo_project/leap_low_v1/managed_components/micro_ros_espidf_component/micro_ros_src/install/include/example_interfaces/example_interfaces/msg/detail/int32_multi_array__rosidl_typesupport_microxrcedds_c.h
-- Installing: /root/maturo_project/leap_low_v1/managed_components/micro_ros_espidf_component/micro_ros_src/install/include/example_interfaces/example_interfaces/msg/detail/int8_multi_array__rosidl_typesupport_microxrcedds_c.h
-- Installing: /root/maturo_project/leap_low_v1/managed_components/micro_ros_espidf_component/micro_ros_src/install/include/example_interfaces/example_interfaces/msg/detail/u_int32_multi_array__rosidl_typesupport_microxrcedds_c.h
-- Installing: /root/maturo_project/leap_low_v1/managed_components/micro_ros_espidf_component/micro_ros_src/install/include/example_interfaces/example_interfaces/msg/detail/float64__rosidl_typesupport_microxrcedds_c.h
-- Installing: /root/maturo_project/leap_low_v1/managed_components/micro_ros_espidf_component/micro_ros_src/install/include/example_interfaces/example_interfaces/msg/detail/u_int8_multi_array__rosidl_typesupport_microxrcedds_c.h
-- Installing: /root/maturo_project/leap_low_v1/managed_components/micro_ros_espidf_component/micro_ros_src/install/include/example_interfaces/example_interfaces/msg/detail/w_string__rosidl_typesupport_microxrcedds_c.h
-- Installing: /root/maturo_project/leap_low_v1/managed_components/micro_ros_espidf_component/micro_ros_src/install/include/example_interfaces/example_interfaces/msg/detail/char__rosidl_typesupport_microxrcedds_c.h
-- Installing: /root/maturo_project/leap_low_v1/managed_components/micro_ros_espidf_component/micro_ros_src/install/include/example_interfaces/example_interfaces/msg/detail/u_int16__rosidl_typesupport_microxrcedds_c.h
-- Installing: /root/maturo_project/leap_low_v1/managed_components/micro_ros_espidf_component/micro_ros_src/install/include/example_interfaces/example_interfaces/msg/detail/microxrcedds
-- Installing: /root/maturo_project/leap_low_v1/managed_components/micro_ros_espidf_component/micro_ros_src/install/include/example_interfaces/example_interfaces/msg/detail/float32_multi_array__rosidl_typesupport_microxrcedds_c.h
-- Installing: /root/maturo_project/leap_low_v1/managed_components/micro_ros_espidf_component/micro_ros_src/install/include/example_interfaces/example_interfaces/msg/detail/float32__rosidl_typesupport_microxrcedds_c.h
-- Installing: /root/maturo_project/leap_low_v1/managed_components/micro_ros_espidf_component/micro_ros_src/install/include/example_interfaces/example_interfaces/msg/detail/u_int8__rosidl_typesupport_microxrcedds_c.h
-- Installing: /root/maturo_project/leap_low_v1/managed_components/micro_ros_espidf_component/micro_ros_src/install/include/example_interfaces/example_interfaces/msg/detail/bool__rosidl_typesupport_microxrcedds_c.h
-- Installing: /root/maturo_project/leap_low_v1/managed_components/micro_ros_espidf_component/micro_ros_src/install/include/example_interfaces/example_interfaces/msg/detail/int64_multi_array__rosidl_typesupport_microxrcedds_c.h
-- Installing: /root/maturo_project/leap_low_v1/managed_components/micro_ros_espidf_component/micro_ros_src/install/include/example_interfaces/example_interfaces/msg/detail/u_int32__rosidl_typesupport_microxrcedds_c.h
-- Installing: /root/maturo_project/leap_low_v1/managed_components/micro_ros_espidf_component/micro_ros_src/install/include/example_interfaces/example_interfaces/msg/detail/int16__rosidl_typesupport_microxrcedds_c.h
-- Installing: /root/maturo_project/leap_low_v1/managed_components/micro_ros_espidf_component/micro_ros_src/install/include/example_interfaces/example_interfaces/msg/detail/byte_multi_array__rosidl_typesupport_microxrcedds_c.h
-- Installing: /root/maturo_project/leap_low_v1/managed_components/micro_ros_espidf_component/micro_ros_src/install/include/example_interfaces/example_interfaces/msg/detail/string__rosidl_typesupport_microxrcedds_c.h
-- Installing: /root/maturo_project/leap_low_v1/managed_components/micro_ros_espidf_component/micro_ros_src/install/include/example_interfaces/example_interfaces/msg/detail/byte__rosidl_typesupport_microxrcedds_c.h
-- Installing: /root/maturo_project/leap_low_v1/managed_components/micro_ros_espidf_component/micro_ros_src/install/include/example_interfaces/example_interfaces/msg/detail/int16_multi_array__rosidl_typesupport_microxrcedds_c.h
-- Installing: /root/maturo_project/leap_low_v1/managed_components/micro_ros_espidf_component/micro_ros_src/install/include/example_interfaces/example_interfaces/msg/detail/u_int64__rosidl_typesupport_microxrcedds_c.h
-- Installing: /root/maturo_project/leap_low_v1/managed_components/micro_ros_espidf_component/micro_ros_src/install/include/example_interfaces/example_interfaces/msg/detail/u_int64_multi_array__rosidl_typesupport_microxrcedds_c.h
-- Installing: /root/maturo_project/leap_low_v1/managed_components/micro_ros_espidf_component/micro_ros_src/install/include/example_interfaces/example_interfaces/msg/detail/int32__rosidl_typesupport_microxrcedds_c.h
-- Installing: /root/maturo_project/leap_low_v1/managed_components/micro_ros_espidf_component/micro_ros_src/install/include/example_interfaces/example_interfaces/msg/detail/u_int16_multi_array__rosidl_typesupport_microxrcedds_c.h
-- Installing: /root/maturo_project/leap_low_v1/managed_components/micro_ros_espidf_component/micro_ros_src/install/lib/libexample_interfaces__rosidl_typesupport_microxrcedds_c.a
-- Installing: /root/maturo_project/leap_low_v1/managed_components/micro_ros_espidf_component/micro_ros_src/install/lib/libexample_interfaces__rosidl_typesupport_c.a
-- Installing: /root/maturo_project/leap_low_v1/managed_components/micro_ros_espidf_component/micro_ros_src/install/share/example_interfaces/action/Fibonacci.idl
-- Installing: /root/maturo_project/leap_low_v1/managed_components/micro_ros_espidf_component/micro_ros_src/install/share/example_interfaces/msg/Bool.idl
-- Installing: /root/maturo_project/leap_low_v1/managed_components/micro_ros_espidf_component/micro_ros_src/install/share/example_interfaces/msg/Byte.idl
-- Installing: /root/maturo_project/leap_low_v1/managed_components/micro_ros_espidf_component/micro_ros_src/install/share/example_interfaces/msg/ByteMultiArray.idl
-- Installing: /root/maturo_project/leap_low_v1/managed_components/micro_ros_espidf_component/micro_ros_src/install/share/example_interfaces/msg/Char.idl
-- Installing: /root/maturo_project/leap_low_v1/managed_components/micro_ros_espidf_component/micro_ros_src/install/share/example_interfaces/msg/Empty.idl
-- Installing: /root/maturo_project/leap_low_v1/managed_components/micro_ros_espidf_component/micro_ros_src/install/share/example_interfaces/msg/Float32.idl
-- Installing: /root/maturo_project/leap_low_v1/managed_components/micro_ros_espidf_component/micro_ros_src/install/share/example_interfaces/msg/Float32MultiArray.idl
-- Installing: /root/maturo_project/leap_low_v1/managed_components/micro_ros_espidf_component/micro_ros_src/install/share/example_interfaces/msg/Float64.idl
-- Installing: /root/maturo_project/leap_low_v1/managed_components/micro_ros_espidf_component/micro_ros_src/install/share/example_interfaces/msg/Float64MultiArray.idl
-- Installing: /root/maturo_project/leap_low_v1/managed_components/micro_ros_espidf_component/micro_ros_src/install/share/example_interfaces/msg/Int16.idl
-- Installing: /root/maturo_project/leap_low_v1/managed_components/micro_ros_espidf_component/micro_ros_src/install/share/example_interfaces/msg/Int16MultiArray.idl
-- Installing: /root/maturo_project/leap_low_v1/managed_components/micro_ros_espidf_component/micro_ros_src/install/share/example_interfaces/msg/Int32.idl
-- Installing: /root/maturo_project/leap_low_v1/managed_components/micro_ros_espidf_component/micro_ros_src/install/share/example_interfaces/msg/Int32MultiArray.idl
-- Installing: /root/maturo_project/leap_low_v1/managed_components/micro_ros_espidf_component/micro_ros_src/install/share/example_interfaces/msg/Int64.idl
-- Installing: /root/maturo_project/leap_low_v1/managed_components/micro_ros_espidf_component/micro_ros_src/install/share/example_interfaces/msg/Int64MultiArray.idl
-- Installing: /root/maturo_project/leap_low_v1/managed_components/micro_ros_espidf_component/micro_ros_src/install/share/example_interfaces/msg/Int8.idl
-- Installing: /root/maturo_project/leap_low_v1/managed_components/micro_ros_espidf_component/micro_ros_src/install/share/example_interfaces/msg/Int8MultiArray.idl
-- Installing: /root/maturo_project/leap_low_v1/managed_components/micro_ros_espidf_component/micro_ros_src/install/share/example_interfaces/msg/MultiArrayDimension.idl
-- Installing: /root/maturo_project/leap_low_v1/managed_components/micro_ros_espidf_component/micro_ros_src/install/share/example_interfaces/msg/MultiArrayLayout.idl
-- Installing: /root/maturo_project/leap_low_v1/managed_components/micro_ros_espidf_component/micro_ros_src/install/share/example_interfaces/msg/String.idl
-- Installing: /root/maturo_project/leap_low_v1/managed_components/micro_ros_espidf_component/micro_ros_src/install/share/example_interfaces/msg/UInt16.idl
-- Installing: /root/maturo_project/leap_low_v1/managed_components/micro_ros_espidf_component/micro_ros_src/install/share/example_interfaces/msg/UInt16MultiArray.idl
-- Installing: /root/maturo_project/leap_low_v1/managed_components/micro_ros_espidf_component/micro_ros_src/install/share/example_interfaces/msg/UInt32.idl
-- Installing: /root/maturo_project/leap_low_v1/managed_components/micro_ros_espidf_component/micro_ros_src/install/share/example_interfaces/msg/UInt32MultiArray.idl
-- Installing: /root/maturo_project/leap_low_v1/managed_components/micro_ros_espidf_component/micro_ros_src/install/share/example_interfaces/msg/UInt64.idl
-- Installing: /root/maturo_project/leap_low_v1/managed_components/micro_ros_espidf_component/micro_ros_src/install/share/example_interfaces/msg/UInt64MultiArray.idl
-- Installing: /root/maturo_project/leap_low_v1/managed_components/micro_ros_espidf_component/micro_ros_src/install/share/example_interfaces/msg/UInt8.idl
-- Installing: /root/maturo_project/leap_low_v1/managed_components/micro_ros_espidf_component/micro_ros_src/install/share/example_interfaces/msg/UInt8MultiArray.idl
-- Installing: /root/maturo_project/leap_low_v1/managed_components/micro_ros_espidf_component/micro_ros_src/install/share/example_interfaces/msg/WString.idl
-- Installing: /root/maturo_project/leap_low_v1/managed_components/micro_ros_espidf_component/micro_ros_src/install/share/example_interfaces/srv/AddTwoInts.idl
-- Installing: /root/maturo_project/leap_low_v1/managed_components/micro_ros_espidf_component/micro_ros_src/install/share/example_interfaces/srv/SetBool.idl
-- Installing: /root/maturo_project/leap_low_v1/managed_components/micro_ros_espidf_component/micro_ros_src/install/share/example_interfaces/srv/Trigger.idl
-- Installing: /root/maturo_project/leap_low_v1/managed_components/micro_ros_espidf_component/micro_ros_src/install/share/example_interfaces/action/Fibonacci.action
-- Installing: /root/maturo_project/leap_low_v1/managed_components/micro_ros_espidf_component/micro_ros_src/install/share/example_interfaces/msg/Bool.msg
-- Installing: /root/maturo_project/leap_low_v1/managed_components/micro_ros_espidf_component/micro_ros_src/install/share/example_interfaces/msg/Byte.msg
-- Installing: /root/maturo_project/leap_low_v1/managed_components/micro_ros_espidf_component/micro_ros_src/install/share/example_interfaces/msg/ByteMultiArray.msg
-- Installing: /root/maturo_project/leap_low_v1/managed_components/micro_ros_espidf_component/micro_ros_src/install/share/example_interfaces/msg/Char.msg
-- Installing: /root/maturo_project/leap_low_v1/managed_components/micro_ros_espidf_component/micro_ros_src/install/share/example_interfaces/msg/Empty.msg
-- Installing: /root/maturo_project/leap_low_v1/managed_components/micro_ros_espidf_component/micro_ros_src/install/share/example_interfaces/msg/Float32.msg
-- Installing: /root/maturo_project/leap_low_v1/managed_components/micro_ros_espidf_component/micro_ros_src/install/share/example_interfaces/msg/Float32MultiArray.msg
-- Installing: /root/maturo_project/leap_low_v1/managed_components/micro_ros_espidf_component/micro_ros_src/install/share/example_interfaces/msg/Float64.msg
-- Installing: /root/maturo_project/leap_low_v1/managed_components/micro_ros_espidf_component/micro_ros_src/install/share/example_interfaces/msg/Float64MultiArray.msg
-- Installing: /root/maturo_project/leap_low_v1/managed_components/micro_ros_espidf_component/micro_ros_src/install/share/example_interfaces/msg/Int16.msg
-- Installing: /root/maturo_project/leap_low_v1/managed_components/micro_ros_espidf_component/micro_ros_src/install/share/example_interfaces/msg/Int16MultiArray.msg
-- Installing: /root/maturo_project/leap_low_v1/managed_components/micro_ros_espidf_component/micro_ros_src/install/share/example_interfaces/msg/Int32.msg
-- Installing: /root/maturo_project/leap_low_v1/managed_components/micro_ros_espidf_component/micro_ros_src/install/share/example_interfaces/msg/Int32MultiArray.msg
-- Installing: /root/maturo_project/leap_low_v1/managed_components/micro_ros_espidf_component/micro_ros_src/install/share/example_interfaces/msg/Int64.msg
-- Installing: /root/maturo_project/leap_low_v1/managed_components/micro_ros_espidf_component/micro_ros_src/install/share/example_interfaces/msg/Int64MultiArray.msg
-- Installing: /root/maturo_project/leap_low_v1/managed_components/micro_ros_espidf_component/micro_ros_src/install/share/example_interfaces/msg/Int8.msg
-- Installing: /root/maturo_project/leap_low_v1/managed_components/micro_ros_espidf_component/micro_ros_src/install/share/example_interfaces/msg/Int8MultiArray.msg
-- Installing: /root/maturo_project/leap_low_v1/managed_components/micro_ros_espidf_component/micro_ros_src/install/share/example_interfaces/msg/MultiArrayDimension.msg
-- Installing: /root/maturo_project/leap_low_v1/managed_components/micro_ros_espidf_component/micro_ros_src/install/share/example_interfaces/msg/MultiArrayLayout.msg
-- Installing: /root/maturo_project/leap_low_v1/managed_components/micro_ros_espidf_component/micro_ros_src/install/share/example_interfaces/msg/String.msg
-- Installing: /root/maturo_project/leap_low_v1/managed_components/micro_ros_espidf_component/micro_ros_src/install/share/example_interfaces/msg/UInt16.msg
-- Installing: /root/maturo_project/leap_low_v1/managed_components/micro_ros_espidf_component/micro_ros_src/install/share/example_interfaces/msg/UInt16MultiArray.msg
-- Installing: /root/maturo_project/leap_low_v1/managed_components/micro_ros_espidf_component/micro_ros_src/install/share/example_interfaces/msg/UInt32.msg
-- Installing: /root/maturo_project/leap_low_v1/managed_components/micro_ros_espidf_component/micro_ros_src/install/share/example_interfaces/msg/UInt32MultiArray.msg
-- Installing: /root/maturo_project/leap_low_v1/managed_components/micro_ros_espidf_component/micro_ros_src/install/share/example_interfaces/msg/UInt64.msg
-- Installing: /root/maturo_project/leap_low_v1/managed_components/micro_ros_espidf_component/micro_ros_src/install/share/example_interfaces/msg/UInt64MultiArray.msg
-- Installing: /root/maturo_project/leap_low_v1/managed_components/micro_ros_espidf_component/micro_ros_src/install/share/example_interfaces/msg/UInt8.msg
-- Installing: /root/maturo_project/leap_low_v1/managed_components/micro_ros_espidf_component/micro_ros_src/install/share/example_interfaces/msg/UInt8MultiArray.msg
-- Installing: /root/maturo_project/leap_low_v1/managed_components/micro_ros_espidf_component/micro_ros_src/install/share/example_interfaces/msg/WString.msg
-- Installing: /root/maturo_project/leap_low_v1/managed_components/micro_ros_espidf_component/micro_ros_src/install/share/example_interfaces/srv/AddTwoInts.srv
-- Installing: /root/maturo_project/leap_low_v1/managed_components/micro_ros_espidf_component/micro_ros_src/install/share/example_interfaces/srv/AddTwoInts_Request.msg
-- Installing: /root/maturo_project/leap_low_v1/managed_components/micro_ros_espidf_component/micro_ros_src/install/share/example_interfaces/srv/AddTwoInts_Response.msg
-- Installing: /root/maturo_project/leap_low_v1/managed_components/micro_ros_espidf_component/micro_ros_src/install/share/example_interfaces/srv/SetBool.srv
-- Installing: /root/maturo_project/leap_low_v1/managed_components/micro_ros_espidf_component/micro_ros_src/install/share/example_interfaces/srv/SetBool_Request.msg
-- Installing: /root/maturo_project/leap_low_v1/managed_components/micro_ros_espidf_component/micro_ros_src/install/share/example_interfaces/srv/SetBool_Response.msg
-- Installing: /root/maturo_project/leap_low_v1/managed_components/micro_ros_espidf_component/micro_ros_src/install/share/example_interfaces/srv/Trigger.srv
-- Installing: /root/maturo_project/leap_low_v1/managed_components/micro_ros_espidf_component/micro_ros_src/install/share/example_interfaces/srv/Trigger_Request.msg
-- Installing: /root/maturo_project/leap_low_v1/managed_components/micro_ros_espidf_component/micro_ros_src/install/share/example_interfaces/srv/Trigger_Response.msg
-- Installing: /root/maturo_project/leap_low_v1/managed_components/micro_ros_espidf_component/micro_ros_src/install/share/example_interfaces/mapping_rules.yaml
-- Installing: /root/maturo_project/leap_low_v1/managed_components/micro_ros_espidf_component/micro_ros_src/install/share/ament_index/resource_index/package_run_dependencies/example_interfaces
-- Installing: /root/maturo_project/leap_low_v1/managed_components/micro_ros_espidf_component/micro_ros_src/install/share/ament_index/resource_index/parent_prefix_path/example_interfaces
-- Installing: /root/maturo_project/leap_low_v1/managed_components/micro_ros_espidf_component/micro_ros_src/install/share/example_interfaces/environment/ament_prefix_path.sh
-- Installing: /root/maturo_project/leap_low_v1/managed_components/micro_ros_espidf_component/micro_ros_src/install/share/example_interfaces/environment/ament_prefix_path.dsv
-- Installing: /root/maturo_project/leap_low_v1/managed_components/micro_ros_espidf_component/micro_ros_src/install/share/example_interfaces/environment/path.sh
-- Installing: /root/maturo_project/leap_low_v1/managed_components/micro_ros_espidf_component/micro_ros_src/install/share/example_interfaces/environment/path.dsv
-- Installing: /root/maturo_project/leap_low_v1/managed_components/micro_ros_espidf_component/micro_ros_src/install/share/example_interfaces/local_setup.bash
-- Installing: /root/maturo_project/leap_low_v1/managed_components/micro_ros_espidf_component/micro_ros_src/install/share/example_interfaces/local_setup.sh
-- Installing: /root/maturo_project/leap_low_v1/managed_components/micro_ros_espidf_component/micro_ros_src/install/share/example_interfaces/local_setup.zsh
-- Installing: /root/maturo_project/leap_low_v1/managed_components/micro_ros_espidf_component/micro_ros_src/install/share/example_interfaces/local_setup.dsv
-- Installing: /root/maturo_project/leap_low_v1/managed_components/micro_ros_espidf_component/micro_ros_src/install/share/example_interfaces/package.dsv
-- Installing: /root/maturo_project/leap_low_v1/managed_components/micro_ros_espidf_component/micro_ros_src/install/share/ament_index/resource_index/packages/example_interfaces
-- Installing: /root/maturo_project/leap_low_v1/managed_components/micro_ros_espidf_component/micro_ros_src/install/share/example_interfaces/cmake/export_example_interfaces__rosidl_generator_cExport.cmake
-- Installing: /root/maturo_project/leap_low_v1/managed_components/micro_ros_espidf_component/micro_ros_src/install/share/example_interfaces/cmake/export_example_interfaces__rosidl_generator_cExport-release.cmake
-- Installing: /root/maturo_project/leap_low_v1/managed_components/micro_ros_espidf_component/micro_ros_src/install/share/example_interfaces/cmake/example_interfaces__rosidl_typesupport_introspection_cExport.cmake
-- Installing: /root/maturo_project/leap_low_v1/managed_components/micro_ros_espidf_component/micro_ros_src/install/share/example_interfaces/cmake/example_interfaces__rosidl_typesupport_introspection_cExport-release.cmake
-- Installing: /root/maturo_project/leap_low_v1/managed_components/micro_ros_espidf_component/micro_ros_src/install/share/example_interfaces/cmake/example_interfaces__rosidl_typesupport_cExport.cmake
-- Installing: /root/maturo_project/leap_low_v1/managed_components/micro_ros_espidf_component/micro_ros_src/install/share/example_interfaces/cmake/example_interfaces__rosidl_typesupport_cExport-release.cmake
-- Installing: /root/maturo_project/leap_low_v1/managed_components/micro_ros_espidf_component/micro_ros_src/install/share/example_interfaces/cmake/rosidl_cmake-extras.cmake
-- Installing: /root/maturo_project/leap_low_v1/managed_components/micro_ros_espidf_component/micro_ros_src/install/share/example_interfaces/cmake/ament_cmake_export_dependencies-extras.cmake
-- Installing: /root/maturo_project/leap_low_v1/managed_components/micro_ros_espidf_component/micro_ros_src/install/share/example_interfaces/cmake/ament_cmake_export_include_directories-extras.cmake
-- Installing: /root/maturo_project/leap_low_v1/managed_components/micro_ros_espidf_component/micro_ros_src/install/share/example_interfaces/cmake/ament_cmake_export_libraries-extras.cmake
-- Installing: /root/maturo_project/leap_low_v1/managed_components/micro_ros_espidf_component/micro_ros_src/install/share/example_interfaces/cmake/ament_cmake_export_targets-extras.cmake
-- Installing: /root/maturo_project/leap_low_v1/managed_components/micro_ros_espidf_component/micro_ros_src/install/share/example_interfaces/cmake/rosidl_cmake_export_typesupport_targets-extras.cmake
-- Installing: /root/maturo_project/leap_low_v1/managed_components/micro_ros_espidf_component/micro_ros_src/install/share/example_interfaces/cmake/rosidl_cmake_export_typesupport_libraries-extras.cmake
-- Installing: /root/maturo_project/leap_low_v1/managed_components/micro_ros_espidf_component/micro_ros_src/install/share/example_interfaces/cmake/rosidl_cmake_aggregate_target-extras.cmake
-- Installing: /root/maturo_project/leap_low_v1/managed_components/micro_ros_espidf_component/micro_ros_src/install/share/example_interfaces/cmake/example_interfacesConfig.cmake
-- Installing: /root/maturo_project/leap_low_v1/managed_components/micro_ros_espidf_component/micro_ros_src/install/share/example_interfaces/cmake/example_interfacesConfig-version.cmake
-- Installing: /root/maturo_project/leap_low_v1/managed_components/micro_ros_espidf_component/micro_ros_src/install/share/example_interfaces/package.xml
